Study ID	Sample ID	Patient ID	Altered	AURKA	TP53	KRAS	EGFR	AURKA: MUT	AURKA: AMP	AURKA: HOMDEL	AURKA: FUSION	TP53: MUT	TP53: AMP	TP53: HOMDEL	TP53: FUSION	KRAS: MUT	KRAS: AMP	KRAS: HOMDEL	KRAS: FUSION	EGFR: MUT	EGFR: AMP	EGFR: HOMDEL	EGFR: FUSION
luad_oncosg_2020	BGI-EX01	BGI-EX01	1	no alteration	no alteration	no alteration	AMP (driver)	no alteration	no alteration	no alteration	no alteration	no alteration	no alteration	no alteration	no alteration	no alteration	no alteration	no alteration	no alteration	no alteration	AMP (driver)	AMP (driver)	no alteration
luad_oncosg_2020	BGI-EX02	BGI-EX02	1	no alteration	no alteration	no alteration	L858R (driver), AMP (driver)	no alteration	no alteration	no alteration	no alteration	no alteration	no alteration	no alteration	no alteration	no alteration	no alteration	no alteration	no alteration	L858R (driver)	AMP (driver)	AMP (driver)	no alteration
luad_oncosg_2020	BGI-EX03	BGI-EX03	1	no alteration	G245V (driver), G245C (driver)	no alteration	no alteration	no alteration	no alteration	no alteration	no alteration	G245V (driver), G245C (driver)	no alteration	no alteration	no alteration	no alteration	no alteration	no alteration	no alteration	no alteration	no alteration	no alteration	no alteration
luad_oncosg_2020	BGI-EX04	BGI-EX04	1	no alteration	no alteration	no alteration	E746_A750del (driver)	no alteration	no alteration	no alteration	no alteration	no alteration	no alteration	no alteration	no alteration	no alteration	no alteration	no alteration	no alteration	E746_A750del (driver)	no alteration	no alteration	no alteration
luad_oncosg_2020	BGI-EX05	BGI-EX05	1	no alteration	X33_splice (driver), HOMDEL (driver)	no alteration	no alteration	no alteration	no alteration	no alteration	no alteration	X33_splice (driver)	HOMDEL (driver)	HOMDEL (driver)	no alteration	no alteration	no alteration	no alteration	no alteration	no alteration	no alteration	no alteration	no alteration
luad_oncosg_2020	BGI-EX07	BGI-EX07	1	no alteration	C135Y (driver)	G12C (driver)	no alteration	no alteration	no alteration	no alteration	no alteration	C135Y (driver)	no alteration	no alteration	no alteration	G12C (driver)	no alteration	no alteration	no alteration	no alteration	no alteration	no alteration	no alteration
luad_oncosg_2020	BGI-EX08	BGI-EX08	1	no alteration	E204* (driver)	no alteration	no alteration	no alteration	no alteration	no alteration	no alteration	E204* (driver)	no alteration	no alteration	no alteration	no alteration	no alteration	no alteration	no alteration	no alteration	no alteration	no alteration	no alteration
luad_oncosg_2020	BGI-EX09	BGI-EX09	1	no alteration	G154V (driver)	G12C (driver)	no alteration	no alteration	no alteration	no alteration	no alteration	G154V (driver)	no alteration	no alteration	no alteration	G12C (driver)	no alteration	no alteration	no alteration	no alteration	no alteration	no alteration	no alteration
luad_oncosg_2020	BGI-RS02	BGI-RS02	1	no alteration	X225_splice (driver)	no alteration	S768I (driver), V774M	no alteration	no alteration	no alteration	no alteration	X225_splice (driver)	no alteration	no alteration	no alteration	no alteration	no alteration	no alteration	no alteration	S768I (driver), V774M	no alteration	no alteration	no alteration
luad_oncosg_2020	BGI-RS03	BGI-RS03	1	no alteration	E294* (driver)	Q61H (driver)	no alteration	no alteration	no alteration	no alteration	no alteration	E294* (driver)	no alteration	no alteration	no alteration	Q61H (driver)	no alteration	no alteration	no alteration	no alteration	no alteration	no alteration	no alteration
luad_oncosg_2020	BGI-RS06	BGI-RS06	1	no alteration	R209* (driver)	G12A (driver)	no alteration	no alteration	no alteration	no alteration	no alteration	R209* (driver)	no alteration	no alteration	no alteration	G12A (driver)	no alteration	no alteration	no alteration	no alteration	no alteration	no alteration	no alteration
luad_oncosg_2020	BGI-RS07	BGI-RS07	1	no alteration	no alteration	G12C (driver)	no alteration	no alteration	no alteration	no alteration	no alteration	no alteration	no alteration	no alteration	no alteration	G12C (driver)	no alteration	no alteration	no alteration	no alteration	no alteration	no alteration	no alteration
luad_oncosg_2020	BGI-RS08	BGI-RS08	1	no alteration	no alteration	no alteration	L858R (driver), L707W	no alteration	no alteration	no alteration	no alteration	no alteration	no alteration	no alteration	no alteration	no alteration	no alteration	no alteration	no alteration	L858R (driver), L707W	no alteration	no alteration	no alteration
luad_oncosg_2020	BGI-RS10	BGI-RS10	1	no alteration	E298* (driver)	G13D (driver)	no alteration	no alteration	no alteration	no alteration	no alteration	E298* (driver)	no alteration	no alteration	no alteration	G13D (driver)	no alteration	no alteration	no alteration	no alteration	no alteration	no alteration	no alteration
luad_oncosg_2020	BGI-RS12	BGI-RS12	1	no alteration	HOMDEL (driver)	no alteration	no alteration	no alteration	no alteration	no alteration	no alteration	no alteration	HOMDEL (driver)	HOMDEL (driver)	no alteration	no alteration	no alteration	no alteration	no alteration	no alteration	no alteration	no alteration	no alteration
luad_oncosg_2020	BGI-RS13	BGI-RS13	1	no alteration	no alteration	no alteration	E548Q	no alteration	no alteration	no alteration	no alteration	no alteration	no alteration	no alteration	no alteration	no alteration	no alteration	no alteration	no alteration	E548Q	no alteration	no alteration	no alteration
luad_oncosg_2020	BGI-RS14	BGI-RS14	1	no alteration	C242F (driver)	no alteration	no alteration	no alteration	no alteration	no alteration	no alteration	C242F (driver)	no alteration	no alteration	no alteration	no alteration	no alteration	no alteration	no alteration	no alteration	no alteration	no alteration	no alteration
luad_oncosg_2020	BGI-RS16	BGI-RS16	1	no alteration	Y220C (driver)	no alteration	E746_A750del (driver), AMP (driver)	no alteration	no alteration	no alteration	no alteration	Y220C (driver)	no alteration	no alteration	no alteration	no alteration	no alteration	no alteration	no alteration	E746_A750del (driver)	AMP (driver)	AMP (driver)	no alteration
luad_oncosg_2020	BGI-RS17	BGI-RS17	1	no alteration	no alteration	no alteration	L861Q (driver)	no alteration	no alteration	no alteration	no alteration	no alteration	no alteration	no alteration	no alteration	no alteration	no alteration	no alteration	no alteration	L861Q (driver)	no alteration	no alteration	no alteration
luad_oncosg_2020	BGI-RS18	BGI-RS18	1	no alteration	no alteration	no alteration	E746_T751delinsA (driver)	no alteration	no alteration	no alteration	no alteration	no alteration	no alteration	no alteration	no alteration	no alteration	no alteration	no alteration	no alteration	E746_T751delinsA (driver)	no alteration	no alteration	no alteration
luad_oncosg_2020	BGI-RS20	BGI-RS20	1	no alteration	X125_splice (driver)	no alteration	no alteration	no alteration	no alteration	no alteration	no alteration	X125_splice (driver)	no alteration	no alteration	no alteration	no alteration	no alteration	no alteration	no alteration	no alteration	no alteration	no alteration	no alteration
luad_oncosg_2020	BGI-RS21	BGI-RS21	1	no alteration	V73Wfs*50 (driver)	no alteration	no alteration	no alteration	no alteration	no alteration	no alteration	V73Wfs*50 (driver)	no alteration	no alteration	no alteration	no alteration	no alteration	no alteration	no alteration	no alteration	no alteration	no alteration	no alteration
luad_oncosg_2020	BGI-RS22	BGI-RS22	1	no alteration	HOMDEL (driver)	no alteration	no alteration	no alteration	no alteration	no alteration	no alteration	no alteration	HOMDEL (driver)	HOMDEL (driver)	no alteration	no alteration	no alteration	no alteration	no alteration	no alteration	no alteration	no alteration	no alteration
luad_oncosg_2020	BGI-RS23	BGI-RS23	1	AMP (driver)	no alteration	no alteration	no alteration	no alteration	AMP (driver)	AMP (driver)	no alteration	no alteration	no alteration	no alteration	no alteration	no alteration	no alteration	no alteration	no alteration	no alteration	no alteration	no alteration	no alteration
luad_oncosg_2020	BGI-RS24	BGI-RS24	1	AMP (driver)	no alteration	no alteration	L747_T751del (driver)	no alteration	AMP (driver)	AMP (driver)	no alteration	no alteration	no alteration	no alteration	no alteration	no alteration	no alteration	no alteration	no alteration	L747_T751del (driver)	no alteration	no alteration	no alteration
luad_oncosg_2020	BGI-RS25	BGI-RS25	1	no alteration	R196* (driver)	no alteration	no alteration	no alteration	no alteration	no alteration	no alteration	R196* (driver)	no alteration	no alteration	no alteration	no alteration	no alteration	no alteration	no alteration	no alteration	no alteration	no alteration	no alteration
luad_oncosg_2020	BGI-RS26	BGI-RS26	1	no alteration	Y126C (driver)	G12C (driver)	no alteration	no alteration	no alteration	no alteration	no alteration	Y126C (driver)	no alteration	no alteration	no alteration	G12C (driver)	no alteration	no alteration	no alteration	no alteration	no alteration	no alteration	no alteration
luad_oncosg_2020	BGI-RS27	BGI-RS27	1	no alteration	no alteration	G12V (driver)	no alteration	no alteration	no alteration	no alteration	no alteration	no alteration	no alteration	no alteration	no alteration	G12V (driver)	no alteration	no alteration	no alteration	no alteration	no alteration	no alteration	no alteration
luad_oncosg_2020	BGI-RS28	BGI-RS28	1	no alteration	R158L (driver)	no alteration	no alteration	no alteration	no alteration	no alteration	no alteration	R158L (driver)	no alteration	no alteration	no alteration	no alteration	no alteration	no alteration	no alteration	no alteration	no alteration	no alteration	no alteration
luad_oncosg_2020	BGI-RS30	BGI-RS30	1	no alteration	P278R (driver)	no alteration	L747_S752del (driver)	no alteration	no alteration	no alteration	no alteration	P278R (driver)	no alteration	no alteration	no alteration	no alteration	no alteration	no alteration	no alteration	L747_S752del (driver)	no alteration	no alteration	no alteration
luad_oncosg_2020	BGI-RS31	BGI-RS31	1	no alteration	no alteration	G12V (driver)	no alteration	no alteration	no alteration	no alteration	no alteration	no alteration	no alteration	no alteration	no alteration	G12V (driver)	no alteration	no alteration	no alteration	no alteration	no alteration	no alteration	no alteration
luad_oncosg_2020	BGI-RS32	BGI-RS32	1	no alteration	no alteration	AMP (driver)	L747_T751del (driver)	no alteration	no alteration	no alteration	no alteration	no alteration	no alteration	no alteration	no alteration	no alteration	AMP (driver)	AMP (driver)	no alteration	L747_T751del (driver)	no alteration	no alteration	no alteration
luad_oncosg_2020	BGI-RS33	BGI-RS33	1	no alteration	Q136E (driver)	no alteration	no alteration	no alteration	no alteration	no alteration	no alteration	Q136E (driver)	no alteration	no alteration	no alteration	no alteration	no alteration	no alteration	no alteration	no alteration	no alteration	no alteration	no alteration
luad_oncosg_2020	BGI-RS35	BGI-RS35	1	no alteration	no alteration	no alteration	E746_A750del (driver)	no alteration	no alteration	no alteration	no alteration	no alteration	no alteration	no alteration	no alteration	no alteration	no alteration	no alteration	no alteration	E746_A750del (driver)	no alteration	no alteration	no alteration
luad_oncosg_2020	BGI-RS36	BGI-RS36	1	no alteration	C242F (driver)	no alteration	no alteration	no alteration	no alteration	no alteration	no alteration	C242F (driver)	no alteration	no alteration	no alteration	no alteration	no alteration	no alteration	no alteration	no alteration	no alteration	no alteration	no alteration
luad_oncosg_2020	BGI-RS38	BGI-RS38	1	no alteration	no alteration	no alteration	L858R (driver)	no alteration	no alteration	no alteration	no alteration	no alteration	no alteration	no alteration	no alteration	no alteration	no alteration	no alteration	no alteration	L858R (driver)	no alteration	no alteration	no alteration
luad_oncosg_2020	BGI-RS39	BGI-RS39	1	no alteration	no alteration	no alteration	L747_T751del (driver)	no alteration	no alteration	no alteration	no alteration	no alteration	no alteration	no alteration	no alteration	no alteration	no alteration	no alteration	no alteration	L747_T751del (driver)	no alteration	no alteration	no alteration
luad_oncosg_2020	BGI-RS40	BGI-RS40	1	no alteration	P151S (driver), E204* (driver)	no alteration	no alteration	no alteration	no alteration	no alteration	no alteration	P151S (driver), E204* (driver)	no alteration	no alteration	no alteration	no alteration	no alteration	no alteration	no alteration	no alteration	no alteration	no alteration	no alteration
luad_oncosg_2020	BGI-RS44	BGI-RS44	1	no alteration	no alteration	no alteration	E709A (driver)	no alteration	no alteration	no alteration	no alteration	no alteration	no alteration	no alteration	no alteration	no alteration	no alteration	no alteration	no alteration	E709A (driver)	no alteration	no alteration	no alteration
luad_oncosg_2020	BGI-RS47	BGI-RS47	1	AMP (driver)	V173G (driver)	no alteration	no alteration	no alteration	AMP (driver)	AMP (driver)	no alteration	V173G (driver)	no alteration	no alteration	no alteration	no alteration	no alteration	no alteration	no alteration	no alteration	no alteration	no alteration	no alteration
luad_oncosg_2020	BGI-RS48	BGI-RS48	1	no alteration	Y220N (driver)	no alteration	AMP (driver)	no alteration	no alteration	no alteration	no alteration	Y220N (driver)	no alteration	no alteration	no alteration	no alteration	no alteration	no alteration	no alteration	no alteration	AMP (driver)	AMP (driver)	no alteration
luad_oncosg_2020	BGI-RS50	BGI-RS50	1	no alteration	no alteration	AMP (driver)	no alteration	no alteration	no alteration	no alteration	no alteration	no alteration	no alteration	no alteration	no alteration	no alteration	AMP (driver)	AMP (driver)	no alteration	no alteration	no alteration	no alteration	no alteration
luad_oncosg_2020	BGI-RS53	BGI-RS53	1	no alteration	no alteration	AMP (driver)	no alteration	no alteration	no alteration	no alteration	no alteration	no alteration	no alteration	no alteration	no alteration	no alteration	AMP (driver)	AMP (driver)	no alteration	no alteration	no alteration	no alteration	no alteration
luad_oncosg_2020	BGI-RS54	BGI-RS54	1	no alteration	X33_splice (driver)	no alteration	L858R (driver), AMP (driver)	no alteration	no alteration	no alteration	no alteration	X33_splice (driver)	no alteration	no alteration	no alteration	no alteration	no alteration	no alteration	no alteration	L858R (driver)	AMP (driver)	AMP (driver)	no alteration
luad_oncosg_2020	BGI-RS55	BGI-RS55	1	no alteration	M246I (driver)	no alteration	no alteration	no alteration	no alteration	no alteration	no alteration	M246I (driver)	no alteration	no alteration	no alteration	no alteration	no alteration	no alteration	no alteration	no alteration	no alteration	no alteration	no alteration
luad_oncosg_2020	BGI-RS56	BGI-RS56	1	no alteration	R213L (driver)	G12S (driver), AMP (driver)	no alteration	no alteration	no alteration	no alteration	no alteration	R213L (driver)	no alteration	no alteration	no alteration	G12S (driver)	AMP (driver)	AMP (driver)	no alteration	no alteration	no alteration	no alteration	no alteration
luad_oncosg_2020	BGI-RS57	BGI-RS57	1	no alteration	Y220C (driver)	no alteration	AMP (driver)	no alteration	no alteration	no alteration	no alteration	Y220C (driver)	no alteration	no alteration	no alteration	no alteration	no alteration	no alteration	no alteration	no alteration	AMP (driver)	AMP (driver)	no alteration
luad_oncosg_2020	BGI-RS58	BGI-RS58	1	no alteration	E388Dfs*79 (driver)	no alteration	L858R (driver)	no alteration	no alteration	no alteration	no alteration	E388Dfs*79 (driver)	no alteration	no alteration	no alteration	no alteration	no alteration	no alteration	no alteration	L858R (driver)	no alteration	no alteration	no alteration
luad_oncosg_2020	BGI-RS59	BGI-RS59	1	AMP (driver)	no alteration	G12V (driver)	no alteration	no alteration	AMP (driver)	AMP (driver)	no alteration	no alteration	no alteration	no alteration	no alteration	G12V (driver)	no alteration	no alteration	no alteration	no alteration	no alteration	no alteration	no alteration
luad_oncosg_2020	BGI-RS60	BGI-RS60	1	no alteration	V157F (driver)	no alteration	R973L	no alteration	no alteration	no alteration	no alteration	V157F (driver)	no alteration	no alteration	no alteration	no alteration	no alteration	no alteration	no alteration	R973L	no alteration	no alteration	no alteration
luad_oncosg_2020	BGI-WG01	BGI-WG01	1	no alteration	no alteration	G12V (driver)	no alteration	no alteration	no alteration	no alteration	no alteration	no alteration	no alteration	no alteration	no alteration	G12V (driver)	no alteration	no alteration	no alteration	no alteration	no alteration	no alteration	no alteration
luad_oncosg_2020	BGI-WG03	BGI-WG03	1	no alteration	no alteration	no alteration	E746_S752delinsA (driver)	no alteration	no alteration	no alteration	no alteration	no alteration	no alteration	no alteration	no alteration	no alteration	no alteration	no alteration	no alteration	E746_S752delinsA (driver)	no alteration	no alteration	no alteration
luad_oncosg_2020	BGI-WG05	BGI-WG05	1	no alteration	no alteration	no alteration	L858R (driver)	no alteration	no alteration	no alteration	no alteration	no alteration	no alteration	no alteration	no alteration	no alteration	no alteration	no alteration	no alteration	L858R (driver)	no alteration	no alteration	no alteration
luad_oncosg_2020	BGI-WG08	BGI-WG08	1	no alteration	R175H (driver)	no alteration	no alteration	no alteration	no alteration	no alteration	no alteration	R175H (driver)	no alteration	no alteration	no alteration	no alteration	no alteration	no alteration	no alteration	no alteration	no alteration	no alteration	no alteration
luad_oncosg_2020	BGI-WG10	BGI-WG10	1	no alteration	X125_splice (driver)	no alteration	A566S	no alteration	no alteration	no alteration	no alteration	X125_splice (driver)	no alteration	no alteration	no alteration	no alteration	no alteration	no alteration	no alteration	A566S	no alteration	no alteration	no alteration
luad_oncosg_2020	BGI-WG11	BGI-WG11	1	AMP (driver)	no alteration	no alteration	L861Q (driver)	no alteration	AMP (driver)	AMP (driver)	no alteration	no alteration	no alteration	no alteration	no alteration	no alteration	no alteration	no alteration	no alteration	L861Q (driver)	no alteration	no alteration	no alteration
luad_oncosg_2020	BGI-WG12	BGI-WG12	1	no alteration	L194F (driver)	no alteration	L858R (driver)	no alteration	no alteration	no alteration	no alteration	L194F (driver)	no alteration	no alteration	no alteration	no alteration	no alteration	no alteration	no alteration	L858R (driver)	no alteration	no alteration	no alteration
luad_oncosg_2020	BGI-WG13	BGI-WG13	1	no alteration	no alteration	no alteration	L858R (driver)	no alteration	no alteration	no alteration	no alteration	no alteration	no alteration	no alteration	no alteration	no alteration	no alteration	no alteration	no alteration	L858R (driver)	no alteration	no alteration	no alteration
luad_oncosg_2020	BGI-WG14	BGI-WG14	1	AMP (driver)	R248Q (driver), X307_splice (driver)	no alteration	L858R (driver)	no alteration	AMP (driver)	AMP (driver)	no alteration	R248Q (driver), X307_splice (driver)	no alteration	no alteration	no alteration	no alteration	no alteration	no alteration	no alteration	L858R (driver)	no alteration	no alteration	no alteration
luad_oncosg_2020	BGI-WG15	BGI-WG15	1	no alteration	no alteration	G12C (driver)	no alteration	no alteration	no alteration	no alteration	no alteration	no alteration	no alteration	no alteration	no alteration	G12C (driver)	no alteration	no alteration	no alteration	no alteration	no alteration	no alteration	no alteration
luad_oncosg_2020	BGI-WG16	BGI-WG16	1	no alteration	no alteration	no alteration	L858R (driver), AMP (driver)	no alteration	no alteration	no alteration	no alteration	no alteration	no alteration	no alteration	no alteration	no alteration	no alteration	no alteration	no alteration	L858R (driver)	AMP (driver)	AMP (driver)	no alteration
luad_oncosg_2020	BGI-WG17	BGI-WG17	1	no alteration	Q192* (driver)	no alteration	E746_A750del (driver)	no alteration	no alteration	no alteration	no alteration	Q192* (driver)	no alteration	no alteration	no alteration	no alteration	no alteration	no alteration	no alteration	E746_A750del (driver)	no alteration	no alteration	no alteration
luad_oncosg_2020	BGI-WG22	BGI-WG22	1	no alteration	C238Y (driver)	no alteration	L858R (driver)	no alteration	no alteration	no alteration	no alteration	C238Y (driver)	no alteration	no alteration	no alteration	no alteration	no alteration	no alteration	no alteration	L858R (driver)	no alteration	no alteration	no alteration
luad_oncosg_2020	BGI-WG23	BGI-WG23	1	no alteration	no alteration	Q61K (driver)	no alteration	no alteration	no alteration	no alteration	no alteration	no alteration	no alteration	no alteration	no alteration	Q61K (driver)	no alteration	no alteration	no alteration	no alteration	no alteration	no alteration	no alteration
luad_oncosg_2020	BGI-WG24	BGI-WG24	1	no alteration	no alteration	no alteration	E746_A750del (driver)	no alteration	no alteration	no alteration	no alteration	no alteration	no alteration	no alteration	no alteration	no alteration	no alteration	no alteration	no alteration	E746_A750del (driver)	no alteration	no alteration	no alteration
luad_oncosg_2020	A183	A183	1	no alteration	H233Pfs*14 (driver)	no alteration	no alteration	no alteration	no alteration	no alteration	no alteration	H233Pfs*14 (driver)	no alteration	no alteration	no alteration	no alteration	no alteration	no alteration	no alteration	no alteration	no alteration	no alteration	no alteration
luad_oncosg_2020	A185	A185	1	no alteration	C242W (driver)	no alteration	E746_A750del (driver)	no alteration	no alteration	no alteration	no alteration	C242W (driver)	no alteration	no alteration	no alteration	no alteration	no alteration	no alteration	no alteration	E746_A750del (driver)	no alteration	no alteration	no alteration
luad_oncosg_2020	A186	A186	1	no alteration	no alteration	no alteration	L858R (driver)	no alteration	no alteration	no alteration	no alteration	no alteration	no alteration	no alteration	no alteration	no alteration	no alteration	no alteration	no alteration	L858R (driver)	no alteration	no alteration	no alteration
luad_oncosg_2020	A187	A187	1	no alteration	C124* (driver)	no alteration	A767_V769dup (driver), AMP (driver)	no alteration	no alteration	no alteration	no alteration	C124* (driver)	no alteration	no alteration	no alteration	no alteration	no alteration	no alteration	no alteration	A767_V769dup (driver)	AMP (driver)	AMP (driver)	no alteration
luad_oncosg_2020	A190	A190	1	no alteration	no alteration	G12D (driver)	no alteration	no alteration	no alteration	no alteration	no alteration	no alteration	no alteration	no alteration	no alteration	G12D (driver)	no alteration	no alteration	no alteration	no alteration	no alteration	no alteration	no alteration
luad_oncosg_2020	A192	A192	1	no alteration	Y220C (driver), HOMDEL (driver)	no alteration	L858R (driver), AMP (driver)	no alteration	no alteration	no alteration	no alteration	Y220C (driver)	HOMDEL (driver)	HOMDEL (driver)	no alteration	no alteration	no alteration	no alteration	no alteration	L858R (driver)	AMP (driver)	AMP (driver)	no alteration
luad_oncosg_2020	A193	A193	1	no alteration	L130V (driver)	no alteration	no alteration	no alteration	no alteration	no alteration	no alteration	L130V (driver)	no alteration	no alteration	no alteration	no alteration	no alteration	no alteration	no alteration	no alteration	no alteration	no alteration	no alteration
luad_oncosg_2020	A197	A197	1	no alteration	C141Y (driver)	no alteration	G719S (driver), S768I (driver)	no alteration	no alteration	no alteration	no alteration	C141Y (driver)	no alteration	no alteration	no alteration	no alteration	no alteration	no alteration	no alteration	G719S (driver), S768I (driver)	no alteration	no alteration	no alteration
luad_oncosg_2020	A198	A198	1	no alteration	no alteration	G12C (driver)	no alteration	no alteration	no alteration	no alteration	no alteration	no alteration	no alteration	no alteration	no alteration	G12C (driver)	no alteration	no alteration	no alteration	no alteration	no alteration	no alteration	no alteration
luad_oncosg_2020	A199	A199	1	no alteration	Q192* (driver)	no alteration	AMP (driver)	no alteration	no alteration	no alteration	no alteration	Q192* (driver)	no alteration	no alteration	no alteration	no alteration	no alteration	no alteration	no alteration	no alteration	AMP (driver)	AMP (driver)	no alteration
luad_oncosg_2020	A200	A200	1	no alteration	X125_splice (driver)	no alteration	no alteration	no alteration	no alteration	no alteration	no alteration	X125_splice (driver)	no alteration	no alteration	no alteration	no alteration	no alteration	no alteration	no alteration	no alteration	no alteration	no alteration	no alteration
luad_oncosg_2020	A202	A202	1	no alteration	no alteration	no alteration	E746_A750del (driver)	no alteration	no alteration	no alteration	no alteration	no alteration	no alteration	no alteration	no alteration	no alteration	no alteration	no alteration	no alteration	E746_A750del (driver)	no alteration	no alteration	no alteration
luad_oncosg_2020	A203	A203	1	no alteration	no alteration	no alteration	L62R (driver), L858R (driver)	no alteration	no alteration	no alteration	no alteration	no alteration	no alteration	no alteration	no alteration	no alteration	no alteration	no alteration	no alteration	L62R (driver), L858R (driver)	no alteration	no alteration	no alteration
luad_oncosg_2020	A204	A204	1	no alteration	no alteration	no alteration	L747_S752del (driver)	no alteration	no alteration	no alteration	no alteration	no alteration	no alteration	no alteration	no alteration	no alteration	no alteration	no alteration	no alteration	L747_S752del (driver)	no alteration	no alteration	no alteration
luad_oncosg_2020	A206	A206	1	no alteration	HOMDEL (driver)	no alteration	no alteration	no alteration	no alteration	no alteration	no alteration	no alteration	HOMDEL (driver)	HOMDEL (driver)	no alteration	no alteration	no alteration	no alteration	no alteration	no alteration	no alteration	no alteration	no alteration
luad_oncosg_2020	A207	A207	1	no alteration	no alteration	no alteration	E746_A750del (driver), AMP (driver)	no alteration	no alteration	no alteration	no alteration	no alteration	no alteration	no alteration	no alteration	no alteration	no alteration	no alteration	no alteration	E746_A750del (driver)	AMP (driver)	AMP (driver)	no alteration
luad_oncosg_2020	A208	A208	1	no alteration	no alteration	no alteration	AMP (driver)	no alteration	no alteration	no alteration	no alteration	no alteration	no alteration	no alteration	no alteration	no alteration	no alteration	no alteration	no alteration	no alteration	AMP (driver)	AMP (driver)	no alteration
luad_oncosg_2020	A210	A210	1	no alteration	P47Rfs*76 (driver)	G12V (driver)	no alteration	no alteration	no alteration	no alteration	no alteration	P47Rfs*76 (driver)	no alteration	no alteration	no alteration	G12V (driver)	no alteration	no alteration	no alteration	no alteration	no alteration	no alteration	no alteration
luad_oncosg_2020	A213	A213	1	no alteration	no alteration	no alteration	E746_S752delinsA (driver)	no alteration	no alteration	no alteration	no alteration	no alteration	no alteration	no alteration	no alteration	no alteration	no alteration	no alteration	no alteration	E746_S752delinsA (driver)	no alteration	no alteration	no alteration
luad_oncosg_2020	A215	A215	1	no alteration	no alteration	no alteration	HOMDEL	no alteration	no alteration	no alteration	no alteration	no alteration	no alteration	no alteration	no alteration	no alteration	no alteration	no alteration	no alteration	no alteration	HOMDEL	HOMDEL	no alteration
luad_oncosg_2020	A216	A216	1	no alteration	Y163C (driver)	no alteration	no alteration	no alteration	no alteration	no alteration	no alteration	Y163C (driver)	no alteration	no alteration	no alteration	no alteration	no alteration	no alteration	no alteration	no alteration	no alteration	no alteration	no alteration
luad_oncosg_2020	A217	A217	1	no alteration	no alteration	no alteration	E746_A750del (driver)	no alteration	no alteration	no alteration	no alteration	no alteration	no alteration	no alteration	no alteration	no alteration	no alteration	no alteration	no alteration	E746_A750del (driver)	no alteration	no alteration	no alteration
luad_oncosg_2020	A219	A219	1	no alteration	no alteration	no alteration	L858R (driver), V843I (driver)	no alteration	no alteration	no alteration	no alteration	no alteration	no alteration	no alteration	no alteration	no alteration	no alteration	no alteration	no alteration	L858R (driver), V843I (driver)	no alteration	no alteration	no alteration
luad_oncosg_2020	A220	A220	1	no alteration	X225_splice (driver)	no alteration	L858R (driver)	no alteration	no alteration	no alteration	no alteration	X225_splice (driver)	no alteration	no alteration	no alteration	no alteration	no alteration	no alteration	no alteration	L858R (driver)	no alteration	no alteration	no alteration
luad_oncosg_2020	A222	A222	1	no alteration	no alteration	no alteration	L858R (driver)	no alteration	no alteration	no alteration	no alteration	no alteration	no alteration	no alteration	no alteration	no alteration	no alteration	no alteration	no alteration	L858R (driver)	no alteration	no alteration	no alteration
luad_oncosg_2020	A227	A227	1	no alteration	no alteration	G12C (driver)	no alteration	no alteration	no alteration	no alteration	no alteration	no alteration	no alteration	no alteration	no alteration	G12C (driver)	no alteration	no alteration	no alteration	no alteration	no alteration	no alteration	no alteration
luad_oncosg_2020	A228	A228	1	no alteration	X224_splice (driver)	G13C (driver), AMP (driver)	no alteration	no alteration	no alteration	no alteration	no alteration	X224_splice (driver)	no alteration	no alteration	no alteration	G13C (driver)	AMP (driver)	AMP (driver)	no alteration	no alteration	no alteration	no alteration	no alteration
luad_oncosg_2020	A229	A229	1	no alteration	E298* (driver)	no alteration	no alteration	no alteration	no alteration	no alteration	no alteration	E298* (driver)	no alteration	no alteration	no alteration	no alteration	no alteration	no alteration	no alteration	no alteration	no alteration	no alteration	no alteration
luad_oncosg_2020	A230	A230	1	no alteration	E180* (driver)	no alteration	no alteration	no alteration	no alteration	no alteration	no alteration	E180* (driver)	no alteration	no alteration	no alteration	no alteration	no alteration	no alteration	no alteration	no alteration	no alteration	no alteration	no alteration
luad_oncosg_2020	A231	A231	1	no alteration	Q192* (driver)	Q61H (driver)	no alteration	no alteration	no alteration	no alteration	no alteration	Q192* (driver)	no alteration	no alteration	no alteration	Q61H (driver)	no alteration	no alteration	no alteration	no alteration	no alteration	no alteration	no alteration
luad_oncosg_2020	A247	A247	1	no alteration	R158H (driver)	G12C (driver)	no alteration	no alteration	no alteration	no alteration	no alteration	R158H (driver)	no alteration	no alteration	no alteration	G12C (driver)	no alteration	no alteration	no alteration	no alteration	no alteration	no alteration	no alteration
luad_oncosg_2020	A241	A241	1	no alteration	R175H (driver)	no alteration	no alteration	no alteration	no alteration	no alteration	no alteration	R175H (driver)	no alteration	no alteration	no alteration	no alteration	no alteration	no alteration	no alteration	no alteration	no alteration	no alteration	no alteration
luad_oncosg_2020	A233	A233	1	no alteration	L330Ffs*15 (driver)	no alteration	no alteration	no alteration	no alteration	no alteration	no alteration	L330Ffs*15 (driver)	no alteration	no alteration	no alteration	no alteration	no alteration	no alteration	no alteration	no alteration	no alteration	no alteration	no alteration
luad_oncosg_2020	A158	A158	1	no alteration	no alteration	G12A (driver)	no alteration	no alteration	no alteration	no alteration	no alteration	no alteration	no alteration	no alteration	no alteration	G12A (driver)	no alteration	no alteration	no alteration	no alteration	no alteration	no alteration	no alteration
luad_oncosg_2020	A155	A155	1	no alteration	H179R (driver)	G12D (driver)	no alteration	no alteration	no alteration	no alteration	no alteration	H179R (driver)	no alteration	no alteration	no alteration	G12D (driver)	no alteration	no alteration	no alteration	no alteration	no alteration	no alteration	no alteration
luad_oncosg_2020	A153	A153	1	no alteration	no alteration	no alteration	L858R (driver)	no alteration	no alteration	no alteration	no alteration	no alteration	no alteration	no alteration	no alteration	no alteration	no alteration	no alteration	no alteration	L858R (driver)	no alteration	no alteration	no alteration
luad_oncosg_2020	A139	A139	1	no alteration	no alteration	no alteration	L858R (driver)	no alteration	no alteration	no alteration	no alteration	no alteration	no alteration	no alteration	no alteration	no alteration	no alteration	no alteration	no alteration	L858R (driver)	no alteration	no alteration	no alteration
luad_oncosg_2020	A131	A131	1	no alteration	G266V (driver)	no alteration	no alteration	no alteration	no alteration	no alteration	no alteration	G266V (driver)	no alteration	no alteration	no alteration	no alteration	no alteration	no alteration	no alteration	no alteration	no alteration	no alteration	no alteration
luad_oncosg_2020	A120	A120	1	no alteration	P278A (driver)	no alteration	no alteration	no alteration	no alteration	no alteration	no alteration	P278A (driver)	no alteration	no alteration	no alteration	no alteration	no alteration	no alteration	no alteration	no alteration	no alteration	no alteration	no alteration
luad_oncosg_2020	A025	A025	1	no alteration	no alteration	G12V (driver)	no alteration	no alteration	no alteration	no alteration	no alteration	no alteration	no alteration	no alteration	no alteration	G12V (driver)	no alteration	no alteration	no alteration	no alteration	no alteration	no alteration	no alteration
luad_oncosg_2020	A016	A016	1	no alteration	R248L (driver)	G12V (driver)	no alteration	no alteration	no alteration	no alteration	no alteration	R248L (driver)	no alteration	no alteration	no alteration	G12V (driver)	no alteration	no alteration	no alteration	no alteration	no alteration	no alteration	no alteration
luad_oncosg_2020	A012	A012	1	no alteration	no alteration	G12C (driver)	no alteration	no alteration	no alteration	no alteration	no alteration	no alteration	no alteration	no alteration	no alteration	G12C (driver)	no alteration	no alteration	no alteration	no alteration	no alteration	no alteration	no alteration
luad_oncosg_2020	A260	A260	1	no alteration	R282W (driver)	G13D (driver)	no alteration	no alteration	no alteration	no alteration	no alteration	R282W (driver)	no alteration	no alteration	no alteration	G13D (driver)	no alteration	no alteration	no alteration	no alteration	no alteration	no alteration	no alteration
luad_oncosg_2020	A262	A262	1	no alteration	no alteration	G12C (driver)	no alteration	no alteration	no alteration	no alteration	no alteration	no alteration	no alteration	no alteration	no alteration	G12C (driver)	no alteration	no alteration	no alteration	no alteration	no alteration	no alteration	no alteration
luad_oncosg_2020	A265	A265	1	no alteration	R158L (driver)	no alteration	L858R (driver)	no alteration	no alteration	no alteration	no alteration	R158L (driver)	no alteration	no alteration	no alteration	no alteration	no alteration	no alteration	no alteration	L858R (driver)	no alteration	no alteration	no alteration
luad_oncosg_2020	A267	A267	1	no alteration	no alteration	G12V (driver)	no alteration	no alteration	no alteration	no alteration	no alteration	no alteration	no alteration	no alteration	no alteration	G12V (driver)	no alteration	no alteration	no alteration	no alteration	no alteration	no alteration	no alteration
luad_oncosg_2020	A269	A269	1	no alteration	no alteration	no alteration	L858R (driver)	no alteration	no alteration	no alteration	no alteration	no alteration	no alteration	no alteration	no alteration	no alteration	no alteration	no alteration	no alteration	L858R (driver)	no alteration	no alteration	no alteration
luad_oncosg_2020	A271	A271	1	no alteration	E298* (driver)	no alteration	no alteration	no alteration	no alteration	no alteration	no alteration	E298* (driver)	no alteration	no alteration	no alteration	no alteration	no alteration	no alteration	no alteration	no alteration	no alteration	no alteration	no alteration
luad_oncosg_2020	A273	A273	1	no alteration	no alteration	no alteration	L858R (driver)	no alteration	no alteration	no alteration	no alteration	no alteration	no alteration	no alteration	no alteration	no alteration	no alteration	no alteration	no alteration	L858R (driver)	no alteration	no alteration	no alteration
luad_oncosg_2020	A274	A274	1	no alteration	H168Pfs*2 (driver)	no alteration	no alteration	no alteration	no alteration	no alteration	no alteration	H168Pfs*2 (driver)	no alteration	no alteration	no alteration	no alteration	no alteration	no alteration	no alteration	no alteration	no alteration	no alteration	no alteration
luad_oncosg_2020	A275	A275	1	no alteration	L194R (driver)	no alteration	no alteration	no alteration	no alteration	no alteration	no alteration	L194R (driver)	no alteration	no alteration	no alteration	no alteration	no alteration	no alteration	no alteration	no alteration	no alteration	no alteration	no alteration
luad_oncosg_2020	A276	A276	1	no alteration	Y236* (driver), Y236F (driver)	no alteration	E709_T710delinsD (driver), AMP (driver)	no alteration	no alteration	no alteration	no alteration	Y236* (driver), Y236F (driver)	no alteration	no alteration	no alteration	no alteration	no alteration	no alteration	no alteration	E709_T710delinsD (driver)	AMP (driver)	AMP (driver)	no alteration
luad_oncosg_2020	A277	A277	1	no alteration	I251F (driver)	no alteration	E746_A750del (driver)	no alteration	no alteration	no alteration	no alteration	I251F (driver)	no alteration	no alteration	no alteration	no alteration	no alteration	no alteration	no alteration	E746_A750del (driver)	no alteration	no alteration	no alteration
luad_oncosg_2020	A278	A278	1	no alteration	no alteration	no alteration	E746_S752delinsA (driver)	no alteration	no alteration	no alteration	no alteration	no alteration	no alteration	no alteration	no alteration	no alteration	no alteration	no alteration	no alteration	E746_S752delinsA (driver)	no alteration	no alteration	no alteration
luad_oncosg_2020	A279	A279	1	no alteration	C238Y (driver)	no alteration	L858R (driver), H870R	no alteration	no alteration	no alteration	no alteration	C238Y (driver)	no alteration	no alteration	no alteration	no alteration	no alteration	no alteration	no alteration	L858R (driver), H870R	no alteration	no alteration	no alteration
luad_oncosg_2020	A281	A281	1	AMP (driver)	no alteration	no alteration	L858R (driver)	no alteration	AMP (driver)	AMP (driver)	no alteration	no alteration	no alteration	no alteration	no alteration	no alteration	no alteration	no alteration	no alteration	L858R (driver)	no alteration	no alteration	no alteration
luad_oncosg_2020	A282	A282	1	no alteration	no alteration	no alteration	E746_A750del (driver)	no alteration	no alteration	no alteration	no alteration	no alteration	no alteration	no alteration	no alteration	no alteration	no alteration	no alteration	no alteration	E746_A750del (driver)	no alteration	no alteration	no alteration
luad_oncosg_2020	A283	A283	1	no alteration	no alteration	no alteration	G719S (driver), L833V (driver)	no alteration	no alteration	no alteration	no alteration	no alteration	no alteration	no alteration	no alteration	no alteration	no alteration	no alteration	no alteration	G719S (driver), L833V (driver)	no alteration	no alteration	no alteration
luad_oncosg_2020	A284	A284	1	no alteration	R273L (driver)	no alteration	E746_A750del (driver)	no alteration	no alteration	no alteration	no alteration	R273L (driver)	no alteration	no alteration	no alteration	no alteration	no alteration	no alteration	no alteration	E746_A750del (driver)	no alteration	no alteration	no alteration
luad_oncosg_2020	A349	A349	1	no alteration	M237V (driver)	no alteration	S768I (driver), G719C (driver), V769L	no alteration	no alteration	no alteration	no alteration	M237V (driver)	no alteration	no alteration	no alteration	no alteration	no alteration	no alteration	no alteration	S768I (driver), G719C (driver), V769L	no alteration	no alteration	no alteration
luad_oncosg_2020	A364	A364	1	no alteration	G266V (driver)	no alteration	E746_A750del (driver)	no alteration	no alteration	no alteration	no alteration	G266V (driver)	no alteration	no alteration	no alteration	no alteration	no alteration	no alteration	no alteration	E746_A750del (driver)	no alteration	no alteration	no alteration
luad_oncosg_2020	A368	A368	1	AMP (driver)	X331_splice (driver)	no alteration	no alteration	no alteration	AMP (driver)	AMP (driver)	no alteration	X331_splice (driver)	no alteration	no alteration	no alteration	no alteration	no alteration	no alteration	no alteration	no alteration	no alteration	no alteration	no alteration
luad_oncosg_2020	A017	A017	1	no alteration	H214Qfs*7 (driver)	no alteration	L858R (driver)	no alteration	no alteration	no alteration	no alteration	H214Qfs*7 (driver)	no alteration	no alteration	no alteration	no alteration	no alteration	no alteration	no alteration	L858R (driver)	no alteration	no alteration	no alteration
luad_oncosg_2020	A028	A028	1	no alteration	Y234* (driver)	no alteration	L858R (driver)	no alteration	no alteration	no alteration	no alteration	Y234* (driver)	no alteration	no alteration	no alteration	no alteration	no alteration	no alteration	no alteration	L858R (driver)	no alteration	no alteration	no alteration
luad_oncosg_2020	A021	A021	1	no alteration	X224_splice (driver)	no alteration	L858R (driver)	no alteration	no alteration	no alteration	no alteration	X224_splice (driver)	no alteration	no alteration	no alteration	no alteration	no alteration	no alteration	no alteration	L858R (driver)	no alteration	no alteration	no alteration
luad_oncosg_2020	A027	A027	1	no alteration	no alteration	no alteration	L747_P753delinsS (driver)	no alteration	no alteration	no alteration	no alteration	no alteration	no alteration	no alteration	no alteration	no alteration	no alteration	no alteration	no alteration	L747_P753delinsS (driver)	no alteration	no alteration	no alteration
luad_oncosg_2020	A068	A068	1	no alteration	M237Ifs*9 (driver)	no alteration	E746_T751delinsA (driver), AMP (driver)	no alteration	no alteration	no alteration	no alteration	M237Ifs*9 (driver)	no alteration	no alteration	no alteration	no alteration	no alteration	no alteration	no alteration	E746_T751delinsA (driver)	AMP (driver)	AMP (driver)	no alteration
luad_oncosg_2020	A101	A101	1	no alteration	X261_splice (driver)	no alteration	E746_A750del (driver), AMP (driver)	no alteration	no alteration	no alteration	no alteration	X261_splice (driver)	no alteration	no alteration	no alteration	no alteration	no alteration	no alteration	no alteration	E746_A750del (driver)	AMP (driver)	AMP (driver)	no alteration
luad_oncosg_2020	A071	A071	1	no alteration	no alteration	no alteration	E746_A750del (driver)	no alteration	no alteration	no alteration	no alteration	no alteration	no alteration	no alteration	no alteration	no alteration	no alteration	no alteration	no alteration	E746_A750del (driver)	no alteration	no alteration	no alteration
luad_oncosg_2020	A072	A072	1	no alteration	no alteration	no alteration	L858R (driver)	no alteration	no alteration	no alteration	no alteration	no alteration	no alteration	no alteration	no alteration	no alteration	no alteration	no alteration	no alteration	L858R (driver)	no alteration	no alteration	no alteration
luad_oncosg_2020	A074	A074	1	no alteration	no alteration	no alteration	L858R (driver)	no alteration	no alteration	no alteration	no alteration	no alteration	no alteration	no alteration	no alteration	no alteration	no alteration	no alteration	no alteration	L858R (driver)	no alteration	no alteration	no alteration
luad_oncosg_2020	A100	A100	1	no alteration	no alteration	no alteration	V769_D770insSSV (driver)	no alteration	no alteration	no alteration	no alteration	no alteration	no alteration	no alteration	no alteration	no alteration	no alteration	no alteration	no alteration	V769_D770insSSV (driver)	no alteration	no alteration	no alteration
luad_oncosg_2020	A102	A102	1	no alteration	no alteration	no alteration	L858R (driver)	no alteration	no alteration	no alteration	no alteration	no alteration	no alteration	no alteration	no alteration	no alteration	no alteration	no alteration	no alteration	L858R (driver)	no alteration	no alteration	no alteration
luad_oncosg_2020	A103	A103	1	no alteration	V274F (driver)	no alteration	L858R (driver)	no alteration	no alteration	no alteration	no alteration	V274F (driver)	no alteration	no alteration	no alteration	no alteration	no alteration	no alteration	no alteration	L858R (driver)	no alteration	no alteration	no alteration
luad_oncosg_2020	A104	A104	1	no alteration	no alteration	no alteration	E746_A750del (driver)	no alteration	no alteration	no alteration	no alteration	no alteration	no alteration	no alteration	no alteration	no alteration	no alteration	no alteration	no alteration	E746_A750del (driver)	no alteration	no alteration	no alteration
luad_oncosg_2020	A109	A109	1	no alteration	V173L (driver)	no alteration	no alteration	no alteration	no alteration	no alteration	no alteration	V173L (driver)	no alteration	no alteration	no alteration	no alteration	no alteration	no alteration	no alteration	no alteration	no alteration	no alteration	no alteration
luad_oncosg_2020	A117	A117	1	no alteration	no alteration	no alteration	L858R (driver)	no alteration	no alteration	no alteration	no alteration	no alteration	no alteration	no alteration	no alteration	no alteration	no alteration	no alteration	no alteration	L858R (driver)	no alteration	no alteration	no alteration
luad_oncosg_2020	A122	A122	1	no alteration	E204* (driver)	no alteration	L861Q (driver)	no alteration	no alteration	no alteration	no alteration	E204* (driver)	no alteration	no alteration	no alteration	no alteration	no alteration	no alteration	no alteration	L861Q (driver)	no alteration	no alteration	no alteration
luad_oncosg_2020	A134	A134	1	no alteration	S241F (driver)	no alteration	E746_A750del (driver)	no alteration	no alteration	no alteration	no alteration	S241F (driver)	no alteration	no alteration	no alteration	no alteration	no alteration	no alteration	no alteration	E746_A750del (driver)	no alteration	no alteration	no alteration
luad_oncosg_2020	A136	A136	1	no alteration	no alteration	no alteration	L858R (driver)	no alteration	no alteration	no alteration	no alteration	no alteration	no alteration	no alteration	no alteration	no alteration	no alteration	no alteration	no alteration	L858R (driver)	no alteration	no alteration	no alteration
luad_oncosg_2020	A147	A147	1	no alteration	no alteration	no alteration	E746_A750del (driver)	no alteration	no alteration	no alteration	no alteration	no alteration	no alteration	no alteration	no alteration	no alteration	no alteration	no alteration	no alteration	E746_A750del (driver)	no alteration	no alteration	no alteration
luad_oncosg_2020	A146	A146	1	AMP (driver)	M237I (driver)	no alteration	L858R (driver)	no alteration	AMP (driver)	AMP (driver)	no alteration	M237I (driver)	no alteration	no alteration	no alteration	no alteration	no alteration	no alteration	no alteration	L858R (driver)	no alteration	no alteration	no alteration
luad_oncosg_2020	A148	A148	1	no alteration	P278L (driver)	AMP (driver)	L858R (driver)	no alteration	no alteration	no alteration	no alteration	P278L (driver)	no alteration	no alteration	no alteration	no alteration	AMP (driver)	AMP (driver)	no alteration	L858R (driver)	no alteration	no alteration	no alteration
luad_oncosg_2020	A149	A149	1	AMP (driver)	no alteration	no alteration	L858R (driver)	no alteration	AMP (driver)	AMP (driver)	no alteration	no alteration	no alteration	no alteration	no alteration	no alteration	no alteration	no alteration	no alteration	L858R (driver)	no alteration	no alteration	no alteration
luad_oncosg_2020	A150	A150	1	AMP (driver)	R273H (driver)	no alteration	E746_A750del (driver)	no alteration	AMP (driver)	AMP (driver)	no alteration	R273H (driver)	no alteration	no alteration	no alteration	no alteration	no alteration	no alteration	no alteration	E746_A750del (driver)	no alteration	no alteration	no alteration
luad_oncosg_2020	A156	A156	1	no alteration	Y234C (driver)	no alteration	E709_T710delinsD (driver)	no alteration	no alteration	no alteration	no alteration	Y234C (driver)	no alteration	no alteration	no alteration	no alteration	no alteration	no alteration	no alteration	E709_T710delinsD (driver)	no alteration	no alteration	no alteration
luad_oncosg_2020	A165	A165	1	no alteration	no alteration	no alteration	L858R (driver)	no alteration	no alteration	no alteration	no alteration	no alteration	no alteration	no alteration	no alteration	no alteration	no alteration	no alteration	no alteration	L858R (driver)	no alteration	no alteration	no alteration
luad_oncosg_2020	A157	A157	1	no alteration	R110L (driver)	no alteration	L62R (driver), L858R (driver)	no alteration	no alteration	no alteration	no alteration	R110L (driver)	no alteration	no alteration	no alteration	no alteration	no alteration	no alteration	no alteration	L62R (driver), L858R (driver)	no alteration	no alteration	no alteration
luad_oncosg_2020	A162	A162	1	no alteration	Q165* (driver)	no alteration	E746_A750del (driver)	no alteration	no alteration	no alteration	no alteration	Q165* (driver)	no alteration	no alteration	no alteration	no alteration	no alteration	no alteration	no alteration	E746_A750del (driver)	no alteration	no alteration	no alteration
luad_oncosg_2020	A163	A163	1	no alteration	C275G (driver)	no alteration	X762_splice	no alteration	no alteration	no alteration	no alteration	C275G (driver)	no alteration	no alteration	no alteration	no alteration	no alteration	no alteration	no alteration	X762_splice	no alteration	no alteration	no alteration
luad_oncosg_2020	A243	A243	1	no alteration	no alteration	no alteration	L858R (driver)	no alteration	no alteration	no alteration	no alteration	no alteration	no alteration	no alteration	no alteration	no alteration	no alteration	no alteration	no alteration	L858R (driver)	no alteration	no alteration	no alteration
luad_oncosg_2020	A182	A182	1	no alteration	no alteration	no alteration	L858R (driver)	no alteration	no alteration	no alteration	no alteration	no alteration	no alteration	no alteration	no alteration	no alteration	no alteration	no alteration	no alteration	L858R (driver)	no alteration	no alteration	no alteration
luad_oncosg_2020	A255	A255	1	no alteration	no alteration	no alteration	L858R (driver)	no alteration	no alteration	no alteration	no alteration	no alteration	no alteration	no alteration	no alteration	no alteration	no alteration	no alteration	no alteration	L858R (driver)	no alteration	no alteration	no alteration
luad_oncosg_2020	A169	A169	1	no alteration	R280T (driver)	no alteration	L861Q (driver), L833F (driver)	no alteration	no alteration	no alteration	no alteration	R280T (driver)	no alteration	no alteration	no alteration	no alteration	no alteration	no alteration	no alteration	L861Q (driver), L833F (driver)	no alteration	no alteration	no alteration
luad_oncosg_2020	A239	A239	1	no alteration	P190L (driver)	no alteration	L858R (driver)	no alteration	no alteration	no alteration	no alteration	P190L (driver)	no alteration	no alteration	no alteration	no alteration	no alteration	no alteration	no alteration	L858R (driver)	no alteration	no alteration	no alteration
luad_oncosg_2020	A250	A250	1	no alteration	A276D (driver)	Q61H (driver)	no alteration	no alteration	no alteration	no alteration	no alteration	A276D (driver)	no alteration	no alteration	no alteration	Q61H (driver)	no alteration	no alteration	no alteration	no alteration	no alteration	no alteration	no alteration
luad_oncosg_2020	A240	A240	1	no alteration	H179R (driver)	no alteration	no alteration	no alteration	no alteration	no alteration	no alteration	H179R (driver)	no alteration	no alteration	no alteration	no alteration	no alteration	no alteration	no alteration	no alteration	no alteration	no alteration	no alteration
luad_oncosg_2020	A249	A249	1	no alteration	no alteration	no alteration	E746_A750del (driver)	no alteration	no alteration	no alteration	no alteration	no alteration	no alteration	no alteration	no alteration	no alteration	no alteration	no alteration	no alteration	E746_A750del (driver)	no alteration	no alteration	no alteration
luad_oncosg_2020	A306	A306	1	no alteration	A84Vfs*65 (driver)	G12V (driver)	no alteration	no alteration	no alteration	no alteration	no alteration	A84Vfs*65 (driver)	no alteration	no alteration	no alteration	G12V (driver)	no alteration	no alteration	no alteration	no alteration	no alteration	no alteration	no alteration
luad_oncosg_2020	A302	A302	1	no alteration	no alteration	no alteration	L858R (driver)	no alteration	no alteration	no alteration	no alteration	no alteration	no alteration	no alteration	no alteration	no alteration	no alteration	no alteration	no alteration	L858R (driver)	no alteration	no alteration	no alteration
luad_oncosg_2020	A323	A323	1	no alteration	L194R (driver)	no alteration	E746_A750del (driver)	no alteration	no alteration	no alteration	no alteration	L194R (driver)	no alteration	no alteration	no alteration	no alteration	no alteration	no alteration	no alteration	E746_A750del (driver)	no alteration	no alteration	no alteration
luad_oncosg_2020	A307	A307	1	no alteration	P295Sfs*51 (driver)	no alteration	X762_splice	no alteration	no alteration	no alteration	no alteration	P295Sfs*51 (driver)	no alteration	no alteration	no alteration	no alteration	no alteration	no alteration	no alteration	X762_splice	no alteration	no alteration	no alteration
luad_oncosg_2020	A380	A380	1	AMP (driver)	no alteration	no alteration	E746_A750del (driver)	no alteration	AMP (driver)	AMP (driver)	no alteration	no alteration	no alteration	no alteration	no alteration	no alteration	no alteration	no alteration	no alteration	E746_A750del (driver)	no alteration	no alteration	no alteration
luad_oncosg_2020	A315	A315	1	no alteration	no alteration	no alteration	E746_A750del (driver)	no alteration	no alteration	no alteration	no alteration	no alteration	no alteration	no alteration	no alteration	no alteration	no alteration	no alteration	no alteration	E746_A750del (driver)	no alteration	no alteration	no alteration
luad_oncosg_2020	A375	A375	1	no alteration	no alteration	no alteration	L858R (driver), D256Y (driver)	no alteration	no alteration	no alteration	no alteration	no alteration	no alteration	no alteration	no alteration	no alteration	no alteration	no alteration	no alteration	L858R (driver), D256Y (driver)	no alteration	no alteration	no alteration
luad_oncosg_2020	A425	A425	1	no alteration	no alteration	no alteration	L858R (driver)	no alteration	no alteration	no alteration	no alteration	no alteration	no alteration	no alteration	no alteration	no alteration	no alteration	no alteration	no alteration	L858R (driver)	no alteration	no alteration	no alteration
luad_oncosg_2020	A316	A316	1	no alteration	no alteration	no alteration	L858R (driver)	no alteration	no alteration	no alteration	no alteration	no alteration	no alteration	no alteration	no alteration	no alteration	no alteration	no alteration	no alteration	L858R (driver)	no alteration	no alteration	no alteration
luad_oncosg_2020	A483	A483	1	no alteration	no alteration	no alteration	E746_A750del (driver)	no alteration	no alteration	no alteration	no alteration	no alteration	no alteration	no alteration	no alteration	no alteration	no alteration	no alteration	no alteration	E746_A750del (driver)	no alteration	no alteration	no alteration
luad_oncosg_2020	A485	A485	1	no alteration	no alteration	no alteration	E746_A750del (driver)	no alteration	no alteration	no alteration	no alteration	no alteration	no alteration	no alteration	no alteration	no alteration	no alteration	no alteration	no alteration	E746_A750del (driver)	no alteration	no alteration	no alteration
luad_oncosg_2020	A486	A486	1	no alteration	P278S (driver)	no alteration	L747_P753delinsS (driver)	no alteration	no alteration	no alteration	no alteration	P278S (driver)	no alteration	no alteration	no alteration	no alteration	no alteration	no alteration	no alteration	L747_P753delinsS (driver)	no alteration	no alteration	no alteration
luad_oncosg_2020	A488	A488	1	no alteration	V203L (driver)	no alteration	L858R (driver)	no alteration	no alteration	no alteration	no alteration	V203L (driver)	no alteration	no alteration	no alteration	no alteration	no alteration	no alteration	no alteration	L858R (driver)	no alteration	no alteration	no alteration
luad_oncosg_2020	A490	A490	1	no alteration	no alteration	no alteration	E746_A750del (driver)	no alteration	no alteration	no alteration	no alteration	no alteration	no alteration	no alteration	no alteration	no alteration	no alteration	no alteration	no alteration	E746_A750del (driver)	no alteration	no alteration	no alteration
luad_oncosg_2020	A492	A492	1	no alteration	R342* (driver)	no alteration	E746_A750del (driver), AMP (driver)	no alteration	no alteration	no alteration	no alteration	R342* (driver)	no alteration	no alteration	no alteration	no alteration	no alteration	no alteration	no alteration	E746_A750del (driver)	AMP (driver)	AMP (driver)	no alteration
luad_oncosg_2020	A493	A493	1	no alteration	no alteration	no alteration	L858R (driver), AMP (driver)	no alteration	no alteration	no alteration	no alteration	no alteration	no alteration	no alteration	no alteration	no alteration	no alteration	no alteration	no alteration	L858R (driver)	AMP (driver)	AMP (driver)	no alteration
luad_oncosg_2020	A494	A494	1	no alteration	no alteration	no alteration	L747_A750del (driver)	no alteration	no alteration	no alteration	no alteration	no alteration	no alteration	no alteration	no alteration	no alteration	no alteration	no alteration	no alteration	L747_A750del (driver)	no alteration	no alteration	no alteration
luad_oncosg_2020	A495	A495	1	no alteration	Y236D (driver)	no alteration	no alteration	no alteration	no alteration	no alteration	no alteration	Y236D (driver)	no alteration	no alteration	no alteration	no alteration	no alteration	no alteration	no alteration	no alteration	no alteration	no alteration	no alteration
luad_oncosg_2020	A496	A496	1	no alteration	no alteration	no alteration	L858R (driver)	no alteration	no alteration	no alteration	no alteration	no alteration	no alteration	no alteration	no alteration	no alteration	no alteration	no alteration	no alteration	L858R (driver)	no alteration	no alteration	no alteration
luad_oncosg_2020	A497	A497	1	no alteration	E285K (driver)	no alteration	E746_A750del (driver)	no alteration	no alteration	no alteration	no alteration	E285K (driver)	no alteration	no alteration	no alteration	no alteration	no alteration	no alteration	no alteration	E746_A750del (driver)	no alteration	no alteration	no alteration
luad_oncosg_2020	A499	A499	1	no alteration	I195N (driver)	no alteration	L858R (driver)	no alteration	no alteration	no alteration	no alteration	I195N (driver)	no alteration	no alteration	no alteration	no alteration	no alteration	no alteration	no alteration	L858R (driver)	no alteration	no alteration	no alteration
luad_oncosg_2020	A502	A502	1	no alteration	M237I (driver)	no alteration	L858R (driver)	no alteration	no alteration	no alteration	no alteration	M237I (driver)	no alteration	no alteration	no alteration	no alteration	no alteration	no alteration	no alteration	L858R (driver)	no alteration	no alteration	no alteration
luad_oncosg_2020	A503	A503	1	no alteration	no alteration	no alteration	E746_A750del (driver)	no alteration	no alteration	no alteration	no alteration	no alteration	no alteration	no alteration	no alteration	no alteration	no alteration	no alteration	no alteration	E746_A750del (driver)	no alteration	no alteration	no alteration
luad_oncosg_2020	A504	A504	1	no alteration	no alteration	no alteration	E746_A750del (driver)	no alteration	no alteration	no alteration	no alteration	no alteration	no alteration	no alteration	no alteration	no alteration	no alteration	no alteration	no alteration	E746_A750del (driver)	no alteration	no alteration	no alteration
luad_oncosg_2020	A505	A505	1	no alteration	no alteration	no alteration	E746_A750del (driver), AMP (driver)	no alteration	no alteration	no alteration	no alteration	no alteration	no alteration	no alteration	no alteration	no alteration	no alteration	no alteration	no alteration	E746_A750del (driver)	AMP (driver)	AMP (driver)	no alteration
luad_oncosg_2020	A295	A295	1	no alteration	no alteration	no alteration	R748Hfs*15	no alteration	no alteration	no alteration	no alteration	no alteration	no alteration	no alteration	no alteration	no alteration	no alteration	no alteration	no alteration	R748Hfs*15	no alteration	no alteration	no alteration
luad_oncosg_2020	A152	A152	1	no alteration	no alteration	no alteration	T790M (driver), L858R (driver)	no alteration	no alteration	no alteration	no alteration	no alteration	no alteration	no alteration	no alteration	no alteration	no alteration	no alteration	no alteration	T790M (driver), L858R (driver)	no alteration	no alteration	no alteration
luad_oncosg_2020	A015	A015	1	no alteration	no alteration	no alteration	L62R (driver), L858R (driver)	no alteration	no alteration	no alteration	no alteration	no alteration	no alteration	no alteration	no alteration	no alteration	no alteration	no alteration	no alteration	L62R (driver), L858R (driver)	no alteration	no alteration	no alteration
luad_oncosg_2020	A062	A062	1	no alteration	G266R (driver)	no alteration	L858R (driver), AMP (driver)	no alteration	no alteration	no alteration	no alteration	G266R (driver)	no alteration	no alteration	no alteration	no alteration	no alteration	no alteration	no alteration	L858R (driver)	AMP (driver)	AMP (driver)	no alteration
luad_oncosg_2020	A037	A037	1	no alteration	R248G (driver)	no alteration	L858R (driver), I759M	no alteration	no alteration	no alteration	no alteration	R248G (driver)	no alteration	no alteration	no alteration	no alteration	no alteration	no alteration	no alteration	L858R (driver), I759M	no alteration	no alteration	no alteration
luad_oncosg_2020	A066	A066	1	no alteration	no alteration	no alteration	L858R (driver)	no alteration	no alteration	no alteration	no alteration	no alteration	no alteration	no alteration	no alteration	no alteration	no alteration	no alteration	no alteration	L858R (driver)	no alteration	no alteration	no alteration
luad_oncosg_2020	A310	A310	1	no alteration	no alteration	no alteration	L858R (driver)	no alteration	no alteration	no alteration	no alteration	no alteration	no alteration	no alteration	no alteration	no alteration	no alteration	no alteration	no alteration	L858R (driver)	no alteration	no alteration	no alteration
luad_oncosg_2020	A320	A320	1	no alteration	no alteration	no alteration	T790M (driver), L858R (driver)	no alteration	no alteration	no alteration	no alteration	no alteration	no alteration	no alteration	no alteration	no alteration	no alteration	no alteration	no alteration	T790M (driver), L858R (driver)	no alteration	no alteration	no alteration
luad_oncosg_2020	A426	A426	1	no alteration	no alteration	no alteration	L833V (driver), H835L (driver)	no alteration	no alteration	no alteration	no alteration	no alteration	no alteration	no alteration	no alteration	no alteration	no alteration	no alteration	no alteration	L833V (driver), H835L (driver)	no alteration	no alteration	no alteration
luad_oncosg_2020	A381	A381	1	no alteration	no alteration	no alteration	S768I (driver), G724A (driver)	no alteration	no alteration	no alteration	no alteration	no alteration	no alteration	no alteration	no alteration	no alteration	no alteration	no alteration	no alteration	S768I (driver), G724A (driver)	no alteration	no alteration	no alteration
luad_oncosg_2020	A428	A428	1	no alteration	no alteration	no alteration	E746_A750del (driver)	no alteration	no alteration	no alteration	no alteration	no alteration	no alteration	no alteration	no alteration	no alteration	no alteration	no alteration	no alteration	E746_A750del (driver)	no alteration	no alteration	no alteration
luad_oncosg_2020	A430	A430	1	no alteration	no alteration	no alteration	L747_P753delinsS (driver)	no alteration	no alteration	no alteration	no alteration	no alteration	no alteration	no alteration	no alteration	no alteration	no alteration	no alteration	no alteration	L747_P753delinsS (driver)	no alteration	no alteration	no alteration
luad_oncosg_2020	A432	A432	1	AMP (driver)	E339* (driver), Q354E	no alteration	E746_A750del (driver)	no alteration	AMP (driver)	AMP (driver)	no alteration	E339* (driver), Q354E	no alteration	no alteration	no alteration	no alteration	no alteration	no alteration	no alteration	E746_A750del (driver)	no alteration	no alteration	no alteration
luad_oncosg_2020	A434	A434	1	no alteration	no alteration	no alteration	E746_A750del (driver)	no alteration	no alteration	no alteration	no alteration	no alteration	no alteration	no alteration	no alteration	no alteration	no alteration	no alteration	no alteration	E746_A750del (driver)	no alteration	no alteration	no alteration
luad_oncosg_2020	A435	A435	1	no alteration	no alteration	no alteration	E746_A750del (driver)	no alteration	no alteration	no alteration	no alteration	no alteration	no alteration	no alteration	no alteration	no alteration	no alteration	no alteration	no alteration	E746_A750del (driver)	no alteration	no alteration	no alteration
luad_oncosg_2020	A509	A509	1	no alteration	E171G (driver)	G12C (driver)	no alteration	no alteration	no alteration	no alteration	no alteration	E171G (driver)	no alteration	no alteration	no alteration	G12C (driver)	no alteration	no alteration	no alteration	no alteration	no alteration	no alteration	no alteration
luad_oncosg_2020	A130	A130	1	no alteration	no alteration	no alteration	T751Nfs*4	no alteration	no alteration	no alteration	no alteration	no alteration	no alteration	no alteration	no alteration	no alteration	no alteration	no alteration	no alteration	T751Nfs*4	no alteration	no alteration	no alteration
luad_oncosg_2020	A168	A168	1	no alteration	no alteration	AMP (driver)	E746_A750del (driver)	no alteration	no alteration	no alteration	no alteration	no alteration	no alteration	no alteration	no alteration	no alteration	AMP (driver)	AMP (driver)	no alteration	E746_A750del (driver)	no alteration	no alteration	no alteration
luad_oncosg_2020	A433	A433	1	no alteration	X125_splice (driver)	no alteration	no alteration	no alteration	no alteration	no alteration	no alteration	X125_splice (driver)	no alteration	no alteration	no alteration	no alteration	no alteration	no alteration	no alteration	no alteration	no alteration	no alteration	no alteration
luad_oncosg_2020	A112	A112	1	no alteration	no alteration	no alteration	S768_D770dup (driver)	no alteration	no alteration	no alteration	no alteration	no alteration	no alteration	no alteration	no alteration	no alteration	no alteration	no alteration	no alteration	S768_D770dup (driver)	no alteration	no alteration	no alteration
luad_oncosg_2020	A114	A114	1	no alteration	T231_I232del (driver)	no alteration	L858R (driver)	no alteration	no alteration	no alteration	no alteration	T231_I232del (driver)	no alteration	no alteration	no alteration	no alteration	no alteration	no alteration	no alteration	L858R (driver)	no alteration	no alteration	no alteration
luad_oncosg_2020	A111	A111	1	no alteration	no alteration	no alteration	E746_S752delinsA (driver)	no alteration	no alteration	no alteration	no alteration	no alteration	no alteration	no alteration	no alteration	no alteration	no alteration	no alteration	no alteration	E746_S752delinsA (driver)	no alteration	no alteration	no alteration
luad_oncosg_2020	A110	A110	1	no alteration	V157F (driver)	no alteration	no alteration	no alteration	no alteration	no alteration	no alteration	V157F (driver)	no alteration	no alteration	no alteration	no alteration	no alteration	no alteration	no alteration	no alteration	no alteration	no alteration	no alteration
luad_oncosg_2020	A511	A511	1	no alteration	C238Y (driver)	no alteration	L858R (driver)	no alteration	no alteration	no alteration	no alteration	C238Y (driver)	no alteration	no alteration	no alteration	no alteration	no alteration	no alteration	no alteration	L858R (driver)	no alteration	no alteration	no alteration
luad_oncosg_2020	A512	A512	1	no alteration	no alteration	no alteration	E746_S752delinsA (driver)	no alteration	no alteration	no alteration	no alteration	no alteration	no alteration	no alteration	no alteration	no alteration	no alteration	no alteration	no alteration	E746_S752delinsA (driver)	no alteration	no alteration	no alteration
luad_oncosg_2020	A514	A514	1	no alteration	no alteration	no alteration	L858R (driver), V834L	no alteration	no alteration	no alteration	no alteration	no alteration	no alteration	no alteration	no alteration	no alteration	no alteration	no alteration	no alteration	L858R (driver), V834L	no alteration	no alteration	no alteration
luad_oncosg_2020	A517	A517	1	no alteration	no alteration	no alteration	L858R (driver)	no alteration	no alteration	no alteration	no alteration	no alteration	no alteration	no alteration	no alteration	no alteration	no alteration	no alteration	no alteration	L858R (driver)	no alteration	no alteration	no alteration
luad_oncosg_2020	A510	A510	1	no alteration	no alteration	no alteration	L747_S752del (driver)	no alteration	no alteration	no alteration	no alteration	no alteration	no alteration	no alteration	no alteration	no alteration	no alteration	no alteration	no alteration	L747_S752del (driver)	no alteration	no alteration	no alteration
luad_oncosg_2020	A524	A524	1	no alteration	no alteration	no alteration	L747_E749del (driver)	no alteration	no alteration	no alteration	no alteration	no alteration	no alteration	no alteration	no alteration	no alteration	no alteration	no alteration	no alteration	L747_E749del (driver)	no alteration	no alteration	no alteration
luad_oncosg_2020	A521	A521	1	no alteration	no alteration	AMP (driver)	L858R (driver), AMP (driver)	no alteration	no alteration	no alteration	no alteration	no alteration	no alteration	no alteration	no alteration	no alteration	AMP (driver)	AMP (driver)	no alteration	L858R (driver)	AMP (driver)	AMP (driver)	no alteration
luad_oncosg_2020	A519	A519	1	no alteration	A276D (driver)	no alteration	E746_A750del (driver)	no alteration	no alteration	no alteration	no alteration	A276D (driver)	no alteration	no alteration	no alteration	no alteration	no alteration	no alteration	no alteration	E746_A750del (driver)	no alteration	no alteration	no alteration
luad_oncosg_2020	A530	A530	1	no alteration	no alteration	G12V (driver)	no alteration	no alteration	no alteration	no alteration	no alteration	no alteration	no alteration	no alteration	no alteration	G12V (driver)	no alteration	no alteration	no alteration	no alteration	no alteration	no alteration	no alteration
luad_oncosg_2020	A532	A532	1	AMP (driver)	E349* (driver)	no alteration	no alteration	no alteration	AMP (driver)	AMP (driver)	no alteration	E349* (driver)	no alteration	no alteration	no alteration	no alteration	no alteration	no alteration	no alteration	no alteration	no alteration	no alteration	no alteration
luad_oncosg_2020	A538	A538	1	no alteration	C135Y (driver)	no alteration	E746_A750del (driver)	no alteration	no alteration	no alteration	no alteration	C135Y (driver)	no alteration	no alteration	no alteration	no alteration	no alteration	no alteration	no alteration	E746_A750del (driver)	no alteration	no alteration	no alteration
luad_oncosg_2020	BGI-EX06	BGI-EX06	0	no alteration	no alteration	no alteration	no alteration	no alteration	no alteration	no alteration	no alteration	no alteration	no alteration	no alteration	no alteration	no alteration	no alteration	no alteration	no alteration	no alteration	no alteration	no alteration	no alteration
luad_oncosg_2020	BGI-RS01	BGI-RS01	0	no alteration	no alteration	no alteration	no alteration	no alteration	no alteration	no alteration	no alteration	no alteration	no alteration	no alteration	no alteration	no alteration	no alteration	no alteration	no alteration	no alteration	no alteration	no alteration	no alteration
luad_oncosg_2020	BGI-RS04	BGI-RS04	0	no alteration	no alteration	no alteration	no alteration	no alteration	no alteration	no alteration	no alteration	no alteration	no alteration	no alteration	no alteration	no alteration	no alteration	no alteration	no alteration	no alteration	no alteration	no alteration	no alteration
luad_oncosg_2020	BGI-RS05	BGI-RS05	0	no alteration	no alteration	no alteration	no alteration	no alteration	no alteration	no alteration	no alteration	no alteration	no alteration	no alteration	no alteration	no alteration	no alteration	no alteration	no alteration	no alteration	no alteration	no alteration	no alteration
luad_oncosg_2020	BGI-RS09	BGI-RS09	0	no alteration	no alteration	no alteration	no alteration	no alteration	no alteration	no alteration	no alteration	no alteration	no alteration	no alteration	no alteration	no alteration	no alteration	no alteration	no alteration	no alteration	no alteration	no alteration	no alteration
luad_oncosg_2020	BGI-RS11	BGI-RS11	0	no alteration	no alteration	no alteration	no alteration	no alteration	no alteration	no alteration	no alteration	no alteration	no alteration	no alteration	no alteration	no alteration	no alteration	no alteration	no alteration	no alteration	no alteration	no alteration	no alteration
luad_oncosg_2020	BGI-RS15	BGI-RS15	0	no alteration	no alteration	no alteration	no alteration	no alteration	no alteration	no alteration	no alteration	no alteration	no alteration	no alteration	no alteration	no alteration	no alteration	no alteration	no alteration	no alteration	no alteration	no alteration	no alteration
luad_oncosg_2020	BGI-RS19	BGI-RS19	0	no alteration	no alteration	no alteration	no alteration	no alteration	no alteration	no alteration	no alteration	no alteration	no alteration	no alteration	no alteration	no alteration	no alteration	no alteration	no alteration	no alteration	no alteration	no alteration	no alteration
luad_oncosg_2020	BGI-RS29	BGI-RS29	0	no alteration	no alteration	no alteration	no alteration	no alteration	no alteration	no alteration	no alteration	no alteration	no alteration	no alteration	no alteration	no alteration	no alteration	no alteration	no alteration	no alteration	no alteration	no alteration	no alteration
luad_oncosg_2020	BGI-RS34	BGI-RS34	0	no alteration	no alteration	no alteration	no alteration	no alteration	no alteration	no alteration	no alteration	no alteration	no alteration	no alteration	no alteration	no alteration	no alteration	no alteration	no alteration	no alteration	no alteration	no alteration	no alteration
luad_oncosg_2020	BGI-RS37	BGI-RS37	0	no alteration	no alteration	no alteration	no alteration	no alteration	no alteration	no alteration	no alteration	no alteration	no alteration	no alteration	no alteration	no alteration	no alteration	no alteration	no alteration	no alteration	no alteration	no alteration	no alteration
luad_oncosg_2020	BGI-RS41	BGI-RS41	0	no alteration	no alteration	no alteration	no alteration	no alteration	no alteration	no alteration	no alteration	no alteration	no alteration	no alteration	no alteration	no alteration	no alteration	no alteration	no alteration	no alteration	no alteration	no alteration	no alteration
luad_oncosg_2020	BGI-RS42	BGI-RS42	0	no alteration	no alteration	no alteration	no alteration	no alteration	no alteration	no alteration	no alteration	no alteration	no alteration	no alteration	no alteration	no alteration	no alteration	no alteration	no alteration	no alteration	no alteration	no alteration	no alteration
luad_oncosg_2020	BGI-RS45	BGI-RS45	0	no alteration	no alteration	no alteration	no alteration	no alteration	no alteration	no alteration	no alteration	no alteration	no alteration	no alteration	no alteration	no alteration	no alteration	no alteration	no alteration	no alteration	no alteration	no alteration	no alteration
luad_oncosg_2020	BGI-RS46	BGI-RS46	0	no alteration	no alteration	no alteration	no alteration	no alteration	no alteration	no alteration	no alteration	no alteration	no alteration	no alteration	no alteration	no alteration	no alteration	no alteration	no alteration	no alteration	no alteration	no alteration	no alteration
luad_oncosg_2020	BGI-RS49	BGI-RS49	0	no alteration	no alteration	no alteration	no alteration	no alteration	no alteration	no alteration	no alteration	no alteration	no alteration	no alteration	no alteration	no alteration	no alteration	no alteration	no alteration	no alteration	no alteration	no alteration	no alteration
luad_oncosg_2020	BGI-RS51	BGI-RS51	0	no alteration	no alteration	no alteration	no alteration	no alteration	no alteration	no alteration	no alteration	no alteration	no alteration	no alteration	no alteration	no alteration	no alteration	no alteration	no alteration	no alteration	no alteration	no alteration	no alteration
luad_oncosg_2020	BGI-RS52	BGI-RS52	0	no alteration	no alteration	no alteration	no alteration	no alteration	no alteration	no alteration	no alteration	no alteration	no alteration	no alteration	no alteration	no alteration	no alteration	no alteration	no alteration	no alteration	no alteration	no alteration	no alteration
luad_oncosg_2020	BGI-WG02	BGI-WG02	0	no alteration	no alteration	no alteration	no alteration	no alteration	no alteration	no alteration	no alteration	no alteration	no alteration	no alteration	no alteration	no alteration	no alteration	no alteration	no alteration	no alteration	no alteration	no alteration	no alteration
luad_oncosg_2020	BGI-WG04	BGI-WG04	0	no alteration	no alteration	no alteration	no alteration	no alteration	no alteration	no alteration	no alteration	no alteration	no alteration	no alteration	no alteration	no alteration	no alteration	no alteration	no alteration	no alteration	no alteration	no alteration	no alteration
luad_oncosg_2020	BGI-WG06	BGI-WG06	0	no alteration	no alteration	no alteration	no alteration	no alteration	no alteration	no alteration	no alteration	no alteration	no alteration	no alteration	no alteration	no alteration	no alteration	no alteration	no alteration	no alteration	no alteration	no alteration	no alteration
luad_oncosg_2020	BGI-WG07	BGI-WG07	0	no alteration	no alteration	no alteration	no alteration	no alteration	no alteration	no alteration	no alteration	no alteration	no alteration	no alteration	no alteration	no alteration	no alteration	no alteration	no alteration	no alteration	no alteration	no alteration	no alteration
luad_oncosg_2020	BGI-WG09	BGI-WG09	0	no alteration	no alteration	no alteration	no alteration	no alteration	no alteration	no alteration	no alteration	no alteration	no alteration	no alteration	no alteration	no alteration	no alteration	no alteration	no alteration	no alteration	no alteration	no alteration	no alteration
luad_oncosg_2020	BGI-WG18	BGI-WG18	0	no alteration	no alteration	no alteration	no alteration	no alteration	no alteration	no alteration	no alteration	no alteration	no alteration	no alteration	no alteration	no alteration	no alteration	no alteration	no alteration	no alteration	no alteration	no alteration	no alteration
luad_oncosg_2020	BGI-WG19	BGI-WG19	0	no alteration	no alteration	no alteration	no alteration	no alteration	no alteration	no alteration	no alteration	no alteration	no alteration	no alteration	no alteration	no alteration	no alteration	no alteration	no alteration	no alteration	no alteration	no alteration	no alteration
luad_oncosg_2020	BGI-WG20	BGI-WG20	0	no alteration	no alteration	no alteration	no alteration	no alteration	no alteration	no alteration	no alteration	no alteration	no alteration	no alteration	no alteration	no alteration	no alteration	no alteration	no alteration	no alteration	no alteration	no alteration	no alteration
luad_oncosg_2020	BGI-WG21	BGI-WG21	0	no alteration	no alteration	no alteration	no alteration	no alteration	no alteration	no alteration	no alteration	no alteration	no alteration	no alteration	no alteration	no alteration	no alteration	no alteration	no alteration	no alteration	no alteration	no alteration	no alteration
luad_oncosg_2020	A184	A184	0	not profiled	not profiled	not profiled	not profiled	not profiled	not profiled	not profiled	not profiled	not profiled	not profiled	not profiled	not profiled	not profiled	not profiled	not profiled	not profiled	not profiled	not profiled	not profiled	not profiled
luad_oncosg_2020	A188	A188	0	no alteration	no alteration	no alteration	no alteration	no alteration	no alteration	no alteration	no alteration	no alteration	no alteration	no alteration	no alteration	no alteration	no alteration	no alteration	no alteration	no alteration	no alteration	no alteration	no alteration
luad_oncosg_2020	A191	A191	0	no alteration	no alteration	no alteration	no alteration	no alteration	no alteration	no alteration	no alteration	no alteration	no alteration	no alteration	no alteration	no alteration	no alteration	no alteration	no alteration	no alteration	no alteration	no alteration	no alteration
luad_oncosg_2020	A194	A194	0	no alteration	no alteration	no alteration	no alteration	no alteration	no alteration	no alteration	no alteration	no alteration	no alteration	no alteration	no alteration	no alteration	no alteration	no alteration	no alteration	no alteration	no alteration	no alteration	no alteration
luad_oncosg_2020	A195	A195	0	no alteration	no alteration	no alteration	no alteration	no alteration	no alteration	no alteration	no alteration	no alteration	no alteration	no alteration	no alteration	no alteration	no alteration	no alteration	no alteration	no alteration	no alteration	no alteration	no alteration
luad_oncosg_2020	A196	A196	0	no alteration	no alteration	no alteration	no alteration	no alteration	no alteration	no alteration	no alteration	no alteration	no alteration	no alteration	no alteration	no alteration	no alteration	no alteration	no alteration	no alteration	no alteration	no alteration	no alteration
luad_oncosg_2020	A201	A201	0	no alteration	no alteration	no alteration	no alteration	no alteration	no alteration	no alteration	no alteration	no alteration	no alteration	no alteration	no alteration	no alteration	no alteration	no alteration	no alteration	no alteration	no alteration	no alteration	no alteration
luad_oncosg_2020	A205	A205	0	no alteration	no alteration	no alteration	no alteration	no alteration	no alteration	no alteration	no alteration	no alteration	no alteration	no alteration	no alteration	no alteration	no alteration	no alteration	no alteration	no alteration	no alteration	no alteration	no alteration
luad_oncosg_2020	A209	A209	0	no alteration	no alteration	no alteration	no alteration	no alteration	no alteration	no alteration	no alteration	no alteration	no alteration	no alteration	no alteration	no alteration	no alteration	no alteration	no alteration	no alteration	no alteration	no alteration	no alteration
luad_oncosg_2020	A211	A211	0	no alteration	no alteration	no alteration	no alteration	no alteration	no alteration	no alteration	no alteration	no alteration	no alteration	no alteration	no alteration	no alteration	no alteration	no alteration	no alteration	no alteration	no alteration	no alteration	no alteration
luad_oncosg_2020	A212	A212	0	no alteration	no alteration	no alteration	no alteration	no alteration	no alteration	no alteration	no alteration	no alteration	no alteration	no alteration	no alteration	no alteration	no alteration	no alteration	no alteration	no alteration	no alteration	no alteration	no alteration
luad_oncosg_2020	A214	A214	0	no alteration	no alteration	no alteration	no alteration	no alteration	no alteration	no alteration	no alteration	no alteration	no alteration	no alteration	no alteration	no alteration	no alteration	no alteration	no alteration	no alteration	no alteration	no alteration	no alteration
luad_oncosg_2020	A218	A218	0	no alteration	no alteration	no alteration	no alteration	no alteration	no alteration	no alteration	no alteration	no alteration	no alteration	no alteration	no alteration	no alteration	no alteration	no alteration	no alteration	no alteration	no alteration	no alteration	no alteration
luad_oncosg_2020	A221	A221	0	no alteration	no alteration	no alteration	no alteration	no alteration	no alteration	no alteration	no alteration	no alteration	no alteration	no alteration	no alteration	no alteration	no alteration	no alteration	no alteration	no alteration	no alteration	no alteration	no alteration
luad_oncosg_2020	A224	A224	0	no alteration	no alteration	no alteration	no alteration	no alteration	no alteration	no alteration	no alteration	no alteration	no alteration	no alteration	no alteration	no alteration	no alteration	no alteration	no alteration	no alteration	no alteration	no alteration	no alteration
luad_oncosg_2020	A232	A232	0	no alteration	no alteration	no alteration	no alteration	no alteration	no alteration	no alteration	no alteration	no alteration	no alteration	no alteration	no alteration	no alteration	no alteration	no alteration	no alteration	no alteration	no alteration	no alteration	no alteration
luad_oncosg_2020	A234	A234	0	no alteration	no alteration	no alteration	no alteration	no alteration	no alteration	no alteration	no alteration	no alteration	no alteration	no alteration	no alteration	no alteration	no alteration	no alteration	no alteration	no alteration	no alteration	no alteration	no alteration
luad_oncosg_2020	A177	A177	0	no alteration	no alteration	no alteration	no alteration	no alteration	no alteration	no alteration	no alteration	no alteration	no alteration	no alteration	no alteration	no alteration	no alteration	no alteration	no alteration	no alteration	no alteration	no alteration	no alteration
luad_oncosg_2020	A167	A167	0	no alteration	no alteration	no alteration	no alteration	no alteration	no alteration	no alteration	no alteration	no alteration	no alteration	no alteration	no alteration	no alteration	no alteration	no alteration	no alteration	no alteration	no alteration	no alteration	no alteration
luad_oncosg_2020	A159	A159	0	no alteration	no alteration	no alteration	no alteration	no alteration	no alteration	no alteration	no alteration	no alteration	no alteration	no alteration	no alteration	no alteration	no alteration	no alteration	no alteration	no alteration	no alteration	no alteration	no alteration
luad_oncosg_2020	A144	A144	0	no alteration	no alteration	no alteration	no alteration	no alteration	no alteration	no alteration	no alteration	no alteration	no alteration	no alteration	no alteration	no alteration	no alteration	no alteration	no alteration	no alteration	no alteration	no alteration	no alteration
luad_oncosg_2020	A143	A143	0	no alteration	no alteration	no alteration	no alteration	no alteration	no alteration	no alteration	no alteration	no alteration	no alteration	no alteration	no alteration	no alteration	no alteration	no alteration	no alteration	no alteration	no alteration	no alteration	no alteration
luad_oncosg_2020	A138	A138	0	no alteration	no alteration	no alteration	no alteration	no alteration	no alteration	no alteration	no alteration	no alteration	no alteration	no alteration	no alteration	no alteration	no alteration	no alteration	no alteration	no alteration	no alteration	no alteration	no alteration
luad_oncosg_2020	A006	A006	0	no alteration	no alteration	no alteration	no alteration	no alteration	no alteration	no alteration	no alteration	no alteration	no alteration	no alteration	no alteration	no alteration	no alteration	no alteration	no alteration	no alteration	no alteration	no alteration	no alteration
luad_oncosg_2020	A073	A073	0	no alteration	no alteration	no alteration	no alteration	no alteration	no alteration	no alteration	no alteration	no alteration	no alteration	no alteration	no alteration	no alteration	no alteration	no alteration	no alteration	no alteration	no alteration	no alteration	no alteration
luad_oncosg_2020	A008	A008	0	no alteration	no alteration	no alteration	no alteration	no alteration	no alteration	no alteration	no alteration	no alteration	no alteration	no alteration	no alteration	no alteration	no alteration	no alteration	no alteration	no alteration	no alteration	no alteration	no alteration
luad_oncosg_2020	A258	A258	0	no alteration	no alteration	no alteration	no alteration	no alteration	no alteration	no alteration	no alteration	no alteration	no alteration	no alteration	no alteration	no alteration	no alteration	no alteration	no alteration	no alteration	no alteration	no alteration	no alteration
luad_oncosg_2020	A259	A259	0	no alteration	no alteration	no alteration	no alteration	no alteration	no alteration	no alteration	no alteration	no alteration	no alteration	no alteration	no alteration	no alteration	no alteration	no alteration	no alteration	no alteration	no alteration	no alteration	no alteration
luad_oncosg_2020	A261	A261	0	no alteration	no alteration	no alteration	no alteration	no alteration	no alteration	no alteration	no alteration	no alteration	no alteration	no alteration	no alteration	no alteration	no alteration	no alteration	no alteration	no alteration	no alteration	no alteration	no alteration
luad_oncosg_2020	A263	A263	0	no alteration	no alteration	no alteration	no alteration	no alteration	no alteration	no alteration	no alteration	no alteration	no alteration	no alteration	no alteration	no alteration	no alteration	no alteration	no alteration	no alteration	no alteration	no alteration	no alteration
luad_oncosg_2020	A264	A264	0	no alteration	no alteration	no alteration	no alteration	no alteration	no alteration	no alteration	no alteration	no alteration	no alteration	no alteration	no alteration	no alteration	no alteration	no alteration	no alteration	no alteration	no alteration	no alteration	no alteration
luad_oncosg_2020	A266	A266	0	no alteration	no alteration	no alteration	no alteration	no alteration	no alteration	no alteration	no alteration	no alteration	no alteration	no alteration	no alteration	no alteration	no alteration	no alteration	no alteration	no alteration	no alteration	no alteration	no alteration
luad_oncosg_2020	A268	A268	0	no alteration	no alteration	no alteration	no alteration	no alteration	no alteration	no alteration	no alteration	no alteration	no alteration	no alteration	no alteration	no alteration	no alteration	no alteration	no alteration	no alteration	no alteration	no alteration	no alteration
luad_oncosg_2020	A270	A270	0	no alteration	no alteration	no alteration	no alteration	no alteration	no alteration	no alteration	no alteration	no alteration	no alteration	no alteration	no alteration	no alteration	no alteration	no alteration	no alteration	no alteration	no alteration	no alteration	no alteration
luad_oncosg_2020	A272	A272	0	no alteration	no alteration	no alteration	no alteration	no alteration	no alteration	no alteration	no alteration	no alteration	no alteration	no alteration	no alteration	no alteration	no alteration	no alteration	no alteration	no alteration	no alteration	no alteration	no alteration
luad_oncosg_2020	A280	A280	0	no alteration	no alteration	no alteration	no alteration	no alteration	no alteration	no alteration	no alteration	no alteration	no alteration	no alteration	no alteration	no alteration	no alteration	no alteration	no alteration	no alteration	no alteration	no alteration	no alteration
luad_oncosg_2020	A285	A285	0	no alteration	no alteration	no alteration	no alteration	no alteration	no alteration	no alteration	no alteration	no alteration	no alteration	no alteration	no alteration	no alteration	no alteration	no alteration	no alteration	no alteration	no alteration	no alteration	no alteration
luad_oncosg_2020	A344	A344	0	no alteration	no alteration	no alteration	no alteration	no alteration	no alteration	no alteration	no alteration	no alteration	no alteration	no alteration	no alteration	no alteration	no alteration	no alteration	no alteration	no alteration	no alteration	no alteration	no alteration
luad_oncosg_2020	A033	A033	0	no alteration	no alteration	no alteration	no alteration	no alteration	no alteration	no alteration	no alteration	no alteration	no alteration	no alteration	no alteration	no alteration	no alteration	no alteration	no alteration	no alteration	no alteration	no alteration	no alteration
luad_oncosg_2020	A252	A252	0	no alteration	no alteration	no alteration	no alteration	no alteration	no alteration	no alteration	no alteration	no alteration	no alteration	no alteration	no alteration	no alteration	no alteration	no alteration	no alteration	no alteration	no alteration	no alteration	no alteration
luad_oncosg_2020	A322	A322	0	no alteration	no alteration	no alteration	no alteration	no alteration	no alteration	no alteration	no alteration	no alteration	no alteration	no alteration	no alteration	no alteration	no alteration	no alteration	no alteration	no alteration	no alteration	no alteration	no alteration
luad_oncosg_2020	A377	A377	0	no alteration	no alteration	no alteration	no alteration	no alteration	no alteration	no alteration	no alteration	no alteration	no alteration	no alteration	no alteration	no alteration	no alteration	no alteration	no alteration	no alteration	no alteration	no alteration	no alteration
luad_oncosg_2020	A379	A379	0	no alteration	no alteration	no alteration	no alteration	no alteration	no alteration	no alteration	no alteration	no alteration	no alteration	no alteration	no alteration	no alteration	no alteration	no alteration	no alteration	no alteration	no alteration	no alteration	no alteration
luad_oncosg_2020	A484	A484	0	not profiled	not profiled	not profiled	not profiled	not profiled	not profiled	not profiled	not profiled	not profiled	not profiled	not profiled	not profiled	not profiled	not profiled	not profiled	not profiled	not profiled	not profiled	not profiled	not profiled
luad_oncosg_2020	A489	A489	0	not profiled	not profiled	not profiled	not profiled	not profiled	not profiled	not profiled	not profiled	not profiled	not profiled	not profiled	not profiled	not profiled	not profiled	not profiled	not profiled	not profiled	not profiled	not profiled	not profiled
luad_oncosg_2020	A500	A500	0	no alteration	no alteration	no alteration	no alteration	no alteration	no alteration	no alteration	no alteration	no alteration	no alteration	no alteration	no alteration	no alteration	no alteration	no alteration	no alteration	no alteration	no alteration	no alteration	no alteration
luad_oncosg_2020	A501	A501	0	no alteration	no alteration	no alteration	no alteration	no alteration	no alteration	no alteration	no alteration	no alteration	no alteration	no alteration	no alteration	no alteration	no alteration	no alteration	no alteration	no alteration	no alteration	no alteration	no alteration
luad_oncosg_2020	A507	A507	0	no alteration	no alteration	no alteration	no alteration	no alteration	no alteration	no alteration	no alteration	no alteration	no alteration	no alteration	no alteration	no alteration	no alteration	no alteration	no alteration	no alteration	no alteration	no alteration	no alteration
luad_oncosg_2020	A508	A508	0	no alteration	no alteration	no alteration	no alteration	no alteration	no alteration	no alteration	no alteration	no alteration	no alteration	no alteration	no alteration	no alteration	no alteration	no alteration	no alteration	no alteration	no alteration	no alteration	no alteration
luad_oncosg_2020	A063	A063	0	no alteration	no alteration	no alteration	no alteration	no alteration	no alteration	no alteration	no alteration	no alteration	no alteration	no alteration	no alteration	no alteration	no alteration	no alteration	no alteration	no alteration	no alteration	no alteration	no alteration
luad_oncosg_2020	A513	A513	0	no alteration	no alteration	no alteration	no alteration	no alteration	no alteration	no alteration	no alteration	no alteration	no alteration	no alteration	no alteration	no alteration	no alteration	no alteration	no alteration	no alteration	no alteration	no alteration	no alteration
luad_oncosg_2020	A124	A124	0	no alteration	no alteration	no alteration	no alteration	no alteration	no alteration	no alteration	no alteration	no alteration	no alteration	no alteration	no alteration	no alteration	no alteration	no alteration	no alteration	no alteration	no alteration	no alteration	no alteration
luad_oncosg_2020	A126	A126	0	no alteration	no alteration	no alteration	no alteration	no alteration	no alteration	no alteration	no alteration	no alteration	no alteration	no alteration	no alteration	no alteration	no alteration	no alteration	no alteration	no alteration	no alteration	no alteration	no alteration
luad_oncosg_2020	A522	A522	0	no alteration	no alteration	no alteration	no alteration	no alteration	no alteration	no alteration	no alteration	no alteration	no alteration	no alteration	no alteration	no alteration	no alteration	no alteration	no alteration	no alteration	no alteration	no alteration	no alteration
luad_oncosg_2020	A534	A534	0	no alteration	no alteration	no alteration	no alteration	no alteration	no alteration	no alteration	no alteration	no alteration	no alteration	no alteration	no alteration	no alteration	no alteration	no alteration	no alteration	no alteration	no alteration	no alteration	no alteration
luad_oncosg_2020	A537	A537	0	no alteration	no alteration	no alteration	no alteration	no alteration	no alteration	no alteration	no alteration	no alteration	no alteration	no alteration	no alteration	no alteration	no alteration	no alteration	no alteration	no alteration	no alteration	no alteration	no alteration
