Study ID	Sample ID	Patient ID	Altered	KRAS	TP53	AURKA	EGFR	KRAS: MUT	KRAS: AMP	KRAS: HOMDEL	TP53: MUT	TP53: AMP	TP53: HOMDEL	AURKA: MUT	AURKA: AMP	AURKA: HOMDEL	EGFR: MUT	EGFR: AMP	EGFR: HOMDEL
luad_cptac_2020	C3N-01799	C3N-01799	1	no alteration	no alteration	no alteration	L858R (driver)	no alteration	no alteration	no alteration	no alteration	no alteration	no alteration	no alteration	no alteration	no alteration	L858R (driver)	no alteration	no alteration
luad_cptac_2020	C3N-00572	C3N-00572	1	no alteration	F341Y (driver)	no alteration	no alteration	no alteration	no alteration	no alteration	F341Y (driver)	no alteration	no alteration	no alteration	no alteration	no alteration	no alteration	no alteration	no alteration
luad_cptac_2020	C3N-02423	C3N-02423	1	G12C (driver)	Q317* (driver)	no alteration	no alteration	G12C (driver)	no alteration	no alteration	Q317* (driver)	no alteration	no alteration	no alteration	no alteration	no alteration	no alteration	no alteration	no alteration
luad_cptac_2020	C3N-02729	C3N-02729	1	no alteration	no alteration	no alteration	L858R (driver)	no alteration	no alteration	no alteration	no alteration	no alteration	no alteration	no alteration	no alteration	no alteration	L858R (driver)	no alteration	no alteration
luad_cptac_2020	C3L-00263	C3L-00263	1	G12C (driver)	no alteration	no alteration	no alteration	G12C (driver)	no alteration	no alteration	no alteration	no alteration	no alteration	no alteration	no alteration	no alteration	no alteration	no alteration	no alteration
luad_cptac_2020	C3N-01410	C3N-01410	1	G12C (driver)	no alteration	no alteration	no alteration	G12C (driver)	no alteration	no alteration	no alteration	no alteration	no alteration	no alteration	no alteration	no alteration	no alteration	no alteration	no alteration
luad_cptac_2020	C3L-00893	C3L-00893	1	no alteration	no alteration	no alteration	E746_A750del (driver)	no alteration	no alteration	no alteration	no alteration	no alteration	no alteration	no alteration	no alteration	no alteration	E746_A750del (driver)	no alteration	no alteration
luad_cptac_2020	C3N-01488	C3N-01488	1	G12D (driver)	no alteration	no alteration	no alteration	G12D (driver)	no alteration	no alteration	no alteration	no alteration	no alteration	no alteration	no alteration	no alteration	no alteration	no alteration	no alteration
luad_cptac_2020	C3N-01413	C3N-01413	1	no alteration	P190T (driver)	no alteration	E746_A750del (driver)	no alteration	no alteration	no alteration	P190T (driver)	no alteration	no alteration	no alteration	no alteration	no alteration	E746_A750del (driver)	no alteration	no alteration
luad_cptac_2020	C3N-01030	C3N-01030	1	G12C (driver)	S127F (driver)	no alteration	no alteration	G12C (driver)	no alteration	no alteration	S127F (driver)	no alteration	no alteration	no alteration	no alteration	no alteration	no alteration	no alteration	no alteration
luad_cptac_2020	C3N-02588	C3N-02588	1	no alteration	Y220C (driver)	no alteration	no alteration	no alteration	no alteration	no alteration	Y220C (driver)	no alteration	no alteration	no alteration	no alteration	no alteration	no alteration	no alteration	no alteration
luad_cptac_2020	C3N-00552	C3N-00552	1	no alteration	G245S (driver)	no alteration	no alteration	no alteration	no alteration	no alteration	G245S (driver)	no alteration	no alteration	no alteration	no alteration	no alteration	no alteration	no alteration	no alteration
luad_cptac_2020	C3N-00169	C3N-00169	1	G12C (driver)	R249M (driver)	no alteration	no alteration	G12C (driver)	no alteration	no alteration	R249M (driver)	no alteration	no alteration	no alteration	no alteration	no alteration	no alteration	no alteration	no alteration
luad_cptac_2020	C3N-00551	C3N-00551	1	G12V (driver)	R280Efs*65 (driver)	no alteration	no alteration	G12V (driver)	no alteration	no alteration	R280Efs*65 (driver)	no alteration	no alteration	no alteration	no alteration	no alteration	no alteration	no alteration	no alteration
luad_cptac_2020	C3N-01842	C3N-01842	1	no alteration	W91* (driver)	no alteration	no alteration	no alteration	no alteration	no alteration	W91* (driver)	no alteration	no alteration	no alteration	no alteration	no alteration	no alteration	no alteration	no alteration
luad_cptac_2020	C3N-02089	C3N-02089	1	no alteration	R213L (driver)	no alteration	no alteration	no alteration	no alteration	no alteration	R213L (driver)	no alteration	no alteration	no alteration	no alteration	no alteration	no alteration	no alteration	no alteration
luad_cptac_2020	C3L-01682	C3L-01682	1	no alteration	V173L (driver)	no alteration	no alteration	no alteration	no alteration	no alteration	V173L (driver)	no alteration	no alteration	no alteration	no alteration	no alteration	no alteration	no alteration	no alteration
luad_cptac_2020	C3N-01016	C3N-01016	1	G12S (driver)	no alteration	no alteration	no alteration	G12S (driver)	no alteration	no alteration	no alteration	no alteration	no alteration	no alteration	no alteration	no alteration	no alteration	no alteration	no alteration
luad_cptac_2020	C3N-00580	C3N-00580	1	G12S (driver)	V272L (driver)	no alteration	no alteration	G12S (driver)	no alteration	no alteration	V272L (driver)	no alteration	no alteration	no alteration	no alteration	no alteration	no alteration	no alteration	no alteration
luad_cptac_2020	X11LU013	X11LU013	1	no alteration	R248W (driver)	no alteration	E746_S752delinsA (driver), S752F, AMP (driver)	no alteration	no alteration	no alteration	R248W (driver)	no alteration	no alteration	no alteration	no alteration	no alteration	E746_S752delinsA (driver), S752F	AMP (driver)	AMP (driver)
luad_cptac_2020	C3N-02000	C3N-02000	1	no alteration	H179Q (driver)	no alteration	no alteration	no alteration	no alteration	no alteration	H179Q (driver)	no alteration	no alteration	no alteration	no alteration	no alteration	no alteration	no alteration	no alteration
luad_cptac_2020	C3N-01489	C3N-01489	1	G12V (driver)	G105F (driver)	no alteration	no alteration	G12V (driver)	no alteration	no alteration	G105F (driver)	no alteration	no alteration	no alteration	no alteration	no alteration	no alteration	no alteration	no alteration
luad_cptac_2020	C3N-00737	C3N-00737	1	no alteration	H179R (driver)	no alteration	no alteration	no alteration	no alteration	no alteration	H179R (driver)	no alteration	no alteration	no alteration	no alteration	no alteration	no alteration	no alteration	no alteration
luad_cptac_2020	C3N-01416	C3N-01416	1	no alteration	no alteration	no alteration	E746_A750del (driver)	no alteration	no alteration	no alteration	no alteration	no alteration	no alteration	no alteration	no alteration	no alteration	E746_A750del (driver)	no alteration	no alteration
luad_cptac_2020	C3N-02149	C3N-02149	1	no alteration	E298* (driver)	no alteration	no alteration	no alteration	no alteration	no alteration	E298* (driver)	no alteration	no alteration	no alteration	no alteration	no alteration	no alteration	no alteration	no alteration
luad_cptac_2020	C3N-02424	C3N-02424	1	no alteration	T211Ffs*4 (driver)	no alteration	L858R (driver)	no alteration	no alteration	no alteration	T211Ffs*4 (driver)	no alteration	no alteration	no alteration	no alteration	no alteration	L858R (driver)	no alteration	no alteration
luad_cptac_2020	C3L-00279	C3L-00279	1	G12D (driver)	I195T (driver)	no alteration	no alteration	G12D (driver)	no alteration	no alteration	I195T (driver)	no alteration	no alteration	no alteration	no alteration	no alteration	no alteration	no alteration	no alteration
luad_cptac_2020	C3N-02379	C3N-02379	1	no alteration	Y234Lfs*22 (driver)	no alteration	L858R (driver), AMP (driver)	no alteration	no alteration	no alteration	Y234Lfs*22 (driver)	no alteration	no alteration	no alteration	no alteration	no alteration	L858R (driver)	AMP (driver)	AMP (driver)
luad_cptac_2020	C3L-00095	C3L-00095	1	no alteration	R156P (driver)	no alteration	no alteration	no alteration	no alteration	no alteration	R156P (driver)	no alteration	no alteration	no alteration	no alteration	no alteration	no alteration	no alteration	no alteration
luad_cptac_2020	C3N-02572	C3N-02572	1	no alteration	S241F (driver)	no alteration	L858R (driver)	no alteration	no alteration	no alteration	S241F (driver)	no alteration	no alteration	no alteration	no alteration	no alteration	L858R (driver)	no alteration	no alteration
luad_cptac_2020	C3N-00559	C3N-00559	1	no alteration	R273H (driver)	no alteration	E746_A750del (driver), AMP (driver)	no alteration	no alteration	no alteration	R273H (driver)	no alteration	no alteration	no alteration	no alteration	no alteration	E746_A750del (driver)	AMP (driver)	AMP (driver)
luad_cptac_2020	X11LU016	X11LU016	1	no alteration	I254T (driver)	no alteration	S768I (driver), G719C (driver)	no alteration	no alteration	no alteration	I254T (driver)	no alteration	no alteration	no alteration	no alteration	no alteration	S768I (driver), G719C (driver)	no alteration	no alteration
luad_cptac_2020	C3L-02345	C3L-02345	1	G13C (driver)	no alteration	no alteration	no alteration	G13C (driver)	no alteration	no alteration	no alteration	no alteration	no alteration	no alteration	no alteration	no alteration	no alteration	no alteration	no alteration
luad_cptac_2020	C3L-00093	C3L-00093	1	no alteration	Q331* (driver)	no alteration	L858R (driver), A871G (driver)	no alteration	no alteration	no alteration	Q331* (driver)	no alteration	no alteration	no alteration	no alteration	no alteration	L858R (driver), A871G (driver)	no alteration	no alteration
luad_cptac_2020	C3L-00510	C3L-00510	1	no alteration	C176Y (driver)	no alteration	L62R (driver), L858R (driver)	no alteration	no alteration	no alteration	C176Y (driver)	no alteration	no alteration	no alteration	no alteration	no alteration	L62R (driver), L858R (driver)	no alteration	no alteration
luad_cptac_2020	C3L-00913	C3L-00913	1	G13C (driver)	G105C (driver)	no alteration	no alteration	G13C (driver)	no alteration	no alteration	G105C (driver)	no alteration	no alteration	no alteration	no alteration	no alteration	no alteration	no alteration	no alteration
luad_cptac_2020	X11LU022	X11LU022	1	G12C (driver)	G334W (driver)	no alteration	no alteration	G12C (driver)	no alteration	no alteration	G334W (driver)	no alteration	no alteration	no alteration	no alteration	no alteration	no alteration	no alteration	no alteration
luad_cptac_2020	C3L-00412	C3L-00412	1	G12C (driver)	no alteration	no alteration	no alteration	G12C (driver)	no alteration	no alteration	no alteration	no alteration	no alteration	no alteration	no alteration	no alteration	no alteration	no alteration	no alteration
luad_cptac_2020	C3N-01415	C3N-01415	1	no alteration	R248L (driver)	no alteration	no alteration	no alteration	no alteration	no alteration	R248L (driver)	no alteration	no alteration	no alteration	no alteration	no alteration	no alteration	no alteration	no alteration
luad_cptac_2020	C3N-00549	C3N-00549	1	no alteration	G245V (driver), E62* (driver)	no alteration	no alteration	no alteration	no alteration	no alteration	G245V (driver), E62* (driver)	no alteration	no alteration	no alteration	no alteration	no alteration	no alteration	no alteration	no alteration
luad_cptac_2020	C3N-02433	C3N-02433	1	no alteration	no alteration	no alteration	L858R (driver)	no alteration	no alteration	no alteration	no alteration	no alteration	no alteration	no alteration	no alteration	no alteration	L858R (driver)	no alteration	no alteration
luad_cptac_2020	C3N-01021	C3N-01021	1	no alteration	no alteration	no alteration	L861Q (driver), G719A (driver)	no alteration	no alteration	no alteration	no alteration	no alteration	no alteration	no alteration	no alteration	no alteration	L861Q (driver), G719A (driver)	no alteration	no alteration
luad_cptac_2020	C3N-00203	C3N-00203	1	no alteration	H179R (driver)	no alteration	K479I	no alteration	no alteration	no alteration	H179R (driver)	no alteration	no alteration	no alteration	no alteration	no alteration	K479I	no alteration	no alteration
luad_cptac_2020	C3L-01330	C3L-01330	1	no alteration	no alteration	no alteration	L858R (driver)	no alteration	no alteration	no alteration	no alteration	no alteration	no alteration	no alteration	no alteration	no alteration	L858R (driver)	no alteration	no alteration
luad_cptac_2020	C3N-00574	C3N-00574	1	no alteration	M237* (driver)	no alteration	E746_A750del (driver), A750E (driver), AMP (driver)	no alteration	no alteration	no alteration	M237* (driver)	no alteration	no alteration	no alteration	no alteration	no alteration	E746_A750del (driver), A750E (driver)	AMP (driver)	AMP (driver)
luad_cptac_2020	X11LU035	X11LU035	1	no alteration	R337L (driver)	no alteration	no alteration	no alteration	no alteration	no alteration	R337L (driver)	no alteration	no alteration	no alteration	no alteration	no alteration	no alteration	no alteration	no alteration
luad_cptac_2020	C3N-01071	C3N-01071	1	no alteration	R280K (driver)	no alteration	no alteration	no alteration	no alteration	no alteration	R280K (driver)	no alteration	no alteration	no alteration	no alteration	no alteration	no alteration	no alteration	no alteration
luad_cptac_2020	C3N-00550	C3N-00550	1	no alteration	X126_splice (driver)	no alteration	H358R	no alteration	no alteration	no alteration	X126_splice (driver)	no alteration	no alteration	no alteration	no alteration	no alteration	H358R	no alteration	no alteration
luad_cptac_2020	C3N-00167	C3N-00167	1	no alteration	R213* (driver)	no alteration	E746_A750del (driver)	no alteration	no alteration	no alteration	R213* (driver)	no alteration	no alteration	no alteration	no alteration	no alteration	E746_A750del (driver)	no alteration	no alteration
luad_cptac_2020	C3L-00001	C3L-00001	1	no alteration	no alteration	no alteration	AMP (driver)	no alteration	no alteration	no alteration	no alteration	no alteration	no alteration	no alteration	no alteration	no alteration	no alteration	AMP (driver)	AMP (driver)
luad_cptac_2020	C3N-01074	C3N-01074	1	G12C (driver), AMP (driver)	R213P (driver)	no alteration	no alteration	G12C (driver)	AMP (driver)	AMP (driver)	R213P (driver)	no alteration	no alteration	no alteration	no alteration	no alteration	no alteration	no alteration	no alteration
luad_cptac_2020	C3L-01632	C3L-01632	1	G12C (driver)	no alteration	no alteration	no alteration	G12C (driver)	no alteration	no alteration	no alteration	no alteration	no alteration	no alteration	no alteration	no alteration	no alteration	no alteration	no alteration
luad_cptac_2020	C3N-02155	C3N-02155	1	no alteration	no alteration	no alteration	L858R (driver)	no alteration	no alteration	no alteration	no alteration	no alteration	no alteration	no alteration	no alteration	no alteration	L858R (driver)	no alteration	no alteration
luad_cptac_2020	C3N-00217	C3N-00217	1	no alteration	R156P (driver)	no alteration	no alteration	no alteration	no alteration	no alteration	R156P (driver)	no alteration	no alteration	no alteration	no alteration	no alteration	no alteration	no alteration	no alteration
luad_cptac_2020	C3N-02002	C3N-02002	1	no alteration	no alteration	no alteration	L858R (driver)	no alteration	no alteration	no alteration	no alteration	no alteration	no alteration	no alteration	no alteration	no alteration	L858R (driver)	no alteration	no alteration
luad_cptac_2020	C3N-02145	C3N-02145	1	no alteration	no alteration	no alteration	E746_A750del (driver)	no alteration	no alteration	no alteration	no alteration	no alteration	no alteration	no alteration	no alteration	no alteration	E746_A750del (driver)	no alteration	no alteration
luad_cptac_2020	C3N-02586	C3N-02586	1	no alteration	D259V (driver)	no alteration	AMP (driver)	no alteration	no alteration	no alteration	D259V (driver)	no alteration	no alteration	no alteration	no alteration	no alteration	no alteration	AMP (driver)	AMP (driver)
luad_cptac_2020	C3L-02219	C3L-02219	1	no alteration	no alteration	no alteration	L858R (driver)	no alteration	no alteration	no alteration	no alteration	no alteration	no alteration	no alteration	no alteration	no alteration	L858R (driver)	no alteration	no alteration
luad_cptac_2020	C3N-00180	C3N-00180	1	G12V (driver)	C277F (driver)	no alteration	no alteration	G12V (driver)	no alteration	no alteration	C277F (driver)	no alteration	no alteration	no alteration	no alteration	no alteration	no alteration	no alteration	no alteration
luad_cptac_2020	C3L-01862	C3L-01862	1	Q61H (driver)	no alteration	no alteration	no alteration	Q61H (driver)	no alteration	no alteration	no alteration	no alteration	no alteration	no alteration	no alteration	no alteration	no alteration	no alteration	no alteration
luad_cptac_2020	C3N-00704	C3N-00704	1	G12C (driver)	C242F (driver)	no alteration	no alteration	G12C (driver)	no alteration	no alteration	C242F (driver)	no alteration	no alteration	no alteration	no alteration	no alteration	no alteration	no alteration	no alteration
luad_cptac_2020	C3N-02158	C3N-02158	1	no alteration	no alteration	AMP (driver)	E746_A750del (driver)	no alteration	no alteration	no alteration	no alteration	no alteration	no alteration	no alteration	AMP (driver)	AMP (driver)	E746_A750del (driver)	no alteration	no alteration
luad_cptac_2020	C3N-02421	C3N-02421	1	no alteration	no alteration	no alteration	E746_S752delinsA (driver), S752F	no alteration	no alteration	no alteration	no alteration	no alteration	no alteration	no alteration	no alteration	no alteration	E746_S752delinsA (driver), S752F	no alteration	no alteration
luad_cptac_2020	C3N-00556	C3N-00556	1	G12C (driver)	no alteration	no alteration	no alteration	G12C (driver)	no alteration	no alteration	no alteration	no alteration	no alteration	no alteration	no alteration	no alteration	no alteration	no alteration	no alteration
luad_cptac_2020	C3N-00294	C3N-00294	1	G12C (driver)	Q331* (driver)	no alteration	no alteration	G12C (driver)	no alteration	no alteration	Q331* (driver)	no alteration	no alteration	no alteration	no alteration	no alteration	no alteration	no alteration	no alteration
luad_cptac_2020	C3L-00094	C3L-00094	1	G12D (driver)	no alteration	no alteration	no alteration	G12D (driver)	no alteration	no alteration	no alteration	no alteration	no alteration	no alteration	no alteration	no alteration	no alteration	no alteration	no alteration
luad_cptac_2020	C3L-00144	C3L-00144	1	no alteration	G154V (driver)	no alteration	no alteration	no alteration	no alteration	no alteration	G154V (driver)	no alteration	no alteration	no alteration	no alteration	no alteration	no alteration	no alteration	no alteration
luad_cptac_2020	C3N-00223	C3N-00223	1	no alteration	no alteration	no alteration	L858R (driver), L747V (driver)	no alteration	no alteration	no alteration	no alteration	no alteration	no alteration	no alteration	no alteration	no alteration	L858R (driver), L747V (driver)	no alteration	no alteration
luad_cptac_2020	C3N-02380	C3N-02380	1	no alteration	no alteration	no alteration	E746_A750del (driver)	no alteration	no alteration	no alteration	no alteration	no alteration	no alteration	no alteration	no alteration	no alteration	E746_A750del (driver)	no alteration	no alteration
luad_cptac_2020	C3L-01924	C3L-01924	1	G12C (driver)	R283P (driver)	no alteration	no alteration	G12C (driver)	no alteration	no alteration	R283P (driver)	no alteration	no alteration	no alteration	no alteration	no alteration	no alteration	no alteration	no alteration
luad_cptac_2020	C3N-00433	C3N-00433	1	G12C (driver)	no alteration	no alteration	no alteration	G12C (driver)	no alteration	no alteration	no alteration	no alteration	no alteration	no alteration	no alteration	no alteration	no alteration	no alteration	no alteration
luad_cptac_2020	C3L-00009	C3L-00009	1	no alteration	M246V (driver)	no alteration	no alteration	no alteration	no alteration	no alteration	M246V (driver)	no alteration	no alteration	no alteration	no alteration	no alteration	no alteration	no alteration	no alteration
luad_cptac_2020	C3N-00546	C3N-00546	1	no alteration	M237I (driver)	no alteration	G719S (driver), S768I (driver)	no alteration	no alteration	no alteration	M237I (driver)	no alteration	no alteration	no alteration	no alteration	no alteration	G719S (driver), S768I (driver)	no alteration	no alteration
luad_cptac_2020	C3N-01414	C3N-01414	1	G12D (driver)	no alteration	no alteration	no alteration	G12D (driver)	no alteration	no alteration	no alteration	no alteration	no alteration	no alteration	no alteration	no alteration	no alteration	no alteration	no alteration
luad_cptac_2020	C3N-02087	C3N-02087	1	no alteration	G244S (driver)	no alteration	E746_S752delinsA (driver), S752F	no alteration	no alteration	no alteration	G244S (driver)	no alteration	no alteration	no alteration	no alteration	no alteration	E746_S752delinsA (driver), S752F	no alteration	no alteration
luad_cptac_2020	C3N-02529	C3N-02529	1	no alteration	G199V (driver)	no alteration	L858R (driver)	no alteration	no alteration	no alteration	G199V (driver)	no alteration	no alteration	no alteration	no alteration	no alteration	L858R (driver)	no alteration	no alteration
luad_cptac_2020	C3L-00368	C3L-00368	1	no alteration	no alteration	no alteration	S768I (driver), G719A (driver)	no alteration	no alteration	no alteration	no alteration	no alteration	no alteration	no alteration	no alteration	no alteration	S768I (driver), G719A (driver)	no alteration	no alteration
luad_cptac_2020	C3N-02067	C3N-02067	1	no alteration	P191Sfs*18 (driver)	no alteration	L747_A750del (driver), T751P	no alteration	no alteration	no alteration	P191Sfs*18 (driver)	no alteration	no alteration	no alteration	no alteration	no alteration	L747_A750del (driver), T751P	no alteration	no alteration
luad_cptac_2020	C3L-00080	C3L-00080	1	no alteration	G245V (driver)	no alteration	no alteration	no alteration	no alteration	no alteration	G245V (driver)	no alteration	no alteration	no alteration	no alteration	no alteration	no alteration	no alteration	no alteration
luad_cptac_2020	C3N-00547	C3N-00547	1	G12V (driver)	N131I (driver)	no alteration	no alteration	G12V (driver)	no alteration	no alteration	N131I (driver)	no alteration	no alteration	no alteration	no alteration	no alteration	no alteration	no alteration	no alteration
luad_cptac_2020	C3N-01023	C3N-01023	1	G12C (driver)	no alteration	no alteration	no alteration	G12C (driver)	no alteration	no alteration	no alteration	no alteration	no alteration	no alteration	no alteration	no alteration	no alteration	no alteration	no alteration
luad_cptac_2020	C3N-01024	C3N-01024	1	no alteration	V218G (driver)	no alteration	E746_A750del (driver)	no alteration	no alteration	no alteration	V218G (driver)	no alteration	no alteration	no alteration	no alteration	no alteration	E746_A750del (driver)	no alteration	no alteration
luad_cptac_2020	C3L-00973	C3L-00973	1	G12D (driver)	no alteration	no alteration	no alteration	G12D (driver)	no alteration	no alteration	no alteration	no alteration	no alteration	no alteration	no alteration	no alteration	no alteration	no alteration	no alteration
luad_cptac_2020	C3L-02348	C3L-02348	1	G12C (driver)	no alteration	no alteration	no alteration	G12C (driver)	no alteration	no alteration	no alteration	no alteration	no alteration	no alteration	no alteration	no alteration	no alteration	no alteration	no alteration
luad_cptac_2020	C3N-00560	C3N-00560	1	no alteration	X126_splice (driver)	no alteration	no alteration	no alteration	no alteration	no alteration	X126_splice (driver)	no alteration	no alteration	no alteration	no alteration	no alteration	no alteration	no alteration	no alteration
luad_cptac_2020	C3L-00604	C3L-00604	1	no alteration	no alteration	no alteration	E746_A750del (driver)	no alteration	no alteration	no alteration	no alteration	no alteration	no alteration	no alteration	no alteration	no alteration	E746_A750del (driver)	no alteration	no alteration
luad_cptac_2020	C3N-00199	C3N-00199	1	no alteration	X225_splice (driver)	no alteration	L858R (driver)	no alteration	no alteration	no alteration	X225_splice (driver)	no alteration	no alteration	no alteration	no alteration	no alteration	L858R (driver)	no alteration	no alteration
luad_cptac_2020	C3N-00579	C3N-00579	1	no alteration	G245S (driver)	no alteration	L858R (driver)	no alteration	no alteration	no alteration	G245S (driver)	no alteration	no alteration	no alteration	no alteration	no alteration	L858R (driver)	no alteration	no alteration
luad_cptac_2020	C3N-02582	C3N-02582	1	no alteration	Y236C (driver)	no alteration	E746_A750del (driver), AMP (driver)	no alteration	no alteration	no alteration	Y236C (driver)	no alteration	no alteration	no alteration	no alteration	no alteration	E746_A750del (driver)	AMP (driver)	AMP (driver)
luad_cptac_2020	C3N-00959	C3N-00959	1	G12V (driver)	no alteration	no alteration	no alteration	G12V (driver)	no alteration	no alteration	no alteration	no alteration	no alteration	no alteration	no alteration	no alteration	no alteration	no alteration	no alteration
luad_cptac_2020	C3N-02003	C3N-02003	1	no alteration	Y234H (driver)	no alteration	no alteration	no alteration	no alteration	no alteration	Y234H (driver)	no alteration	no alteration	no alteration	no alteration	no alteration	no alteration	no alteration	no alteration
luad_cptac_2020	C3N-00175	C3N-00175	1	G12A (driver)	no alteration	no alteration	no alteration	G12A (driver)	no alteration	no alteration	no alteration	no alteration	no alteration	no alteration	no alteration	no alteration	no alteration	no alteration	no alteration
luad_cptac_2020	C3N-01823	C3N-01823	1	no alteration	H178Tfs*69 (driver)	no alteration	no alteration	no alteration	no alteration	no alteration	H178Tfs*69 (driver)	no alteration	no alteration	no alteration	no alteration	no alteration	no alteration	no alteration	no alteration
luad_cptac_2020	C3L-02549	C3L-02549	1	G12D (driver)	no alteration	no alteration	no alteration	G12D (driver)	no alteration	no alteration	no alteration	no alteration	no alteration	no alteration	no alteration	no alteration	no alteration	no alteration	no alteration
luad_cptac_2020	C3L-02365	C3L-02365	1	no alteration	S215I (driver)	no alteration	no alteration	no alteration	no alteration	no alteration	S215I (driver)	no alteration	no alteration	no alteration	no alteration	no alteration	no alteration	no alteration	no alteration
luad_cptac_2020	C3L-01890	C3L-01890	0	no alteration	no alteration	no alteration	no alteration	no alteration	not profiled	not profiled	no alteration	not profiled	not profiled	no alteration	not profiled	not profiled	no alteration	not profiled	not profiled
luad_cptac_2020	C3N-00578	C3N-00578	0	no alteration	no alteration	no alteration	no alteration	no alteration	no alteration	no alteration	no alteration	no alteration	no alteration	no alteration	no alteration	no alteration	no alteration	no alteration	no alteration
luad_cptac_2020	C3N-02587	C3N-02587	0	no alteration	no alteration	no alteration	no alteration	no alteration	no alteration	no alteration	no alteration	no alteration	no alteration	no alteration	no alteration	no alteration	no alteration	no alteration	no alteration
luad_cptac_2020	C3L-01889	C3L-01889	0	no alteration	no alteration	no alteration	no alteration	no alteration	no alteration	no alteration	no alteration	no alteration	no alteration	no alteration	no alteration	no alteration	no alteration	no alteration	no alteration
luad_cptac_2020	C3L-00422	C3L-00422	0	no alteration	no alteration	no alteration	no alteration	no alteration	no alteration	no alteration	no alteration	no alteration	no alteration	no alteration	no alteration	no alteration	no alteration	no alteration	no alteration
luad_cptac_2020	C3L-00083	C3L-00083	0	no alteration	no alteration	no alteration	no alteration	no alteration	no alteration	no alteration	no alteration	no alteration	no alteration	no alteration	no alteration	no alteration	no alteration	no alteration	no alteration
luad_cptac_2020	C3N-01405	C3N-01405	0	no alteration	no alteration	no alteration	no alteration	no alteration	no alteration	no alteration	no alteration	no alteration	no alteration	no alteration	no alteration	no alteration	no alteration	no alteration	no alteration
luad_cptac_2020	C3N-01072	C3N-01072	0	no alteration	no alteration	no alteration	no alteration	no alteration	no alteration	no alteration	no alteration	no alteration	no alteration	no alteration	no alteration	no alteration	no alteration	no alteration	no alteration
luad_cptac_2020	C3L-01683	C3L-01683	0	no alteration	no alteration	no alteration	no alteration	no alteration	no alteration	no alteration	no alteration	no alteration	no alteration	no alteration	no alteration	no alteration	no alteration	no alteration	no alteration
luad_cptac_2020	C3N-00293	C3N-00293	0	no alteration	no alteration	no alteration	no alteration	no alteration	no alteration	no alteration	no alteration	no alteration	no alteration	no alteration	no alteration	no alteration	no alteration	no alteration	no alteration
luad_cptac_2020	C3L-00140	C3L-00140	0	no alteration	no alteration	no alteration	no alteration	no alteration	no alteration	no alteration	no alteration	no alteration	no alteration	no alteration	no alteration	no alteration	no alteration	no alteration	no alteration
luad_cptac_2020	C3N-02422	C3N-02422	0	no alteration	no alteration	no alteration	no alteration	no alteration	no alteration	no alteration	no alteration	no alteration	no alteration	no alteration	no alteration	no alteration	no alteration	no alteration	no alteration
luad_cptac_2020	C3L-02508	C3L-02508	0	no alteration	no alteration	no alteration	no alteration	no alteration	no alteration	no alteration	no alteration	no alteration	no alteration	no alteration	no alteration	no alteration	no alteration	no alteration	no alteration
luad_cptac_2020	C3L-02350	C3L-02350	0	no alteration	no alteration	no alteration	no alteration	no alteration	no alteration	no alteration	no alteration	no alteration	no alteration	no alteration	no alteration	no alteration	no alteration	no alteration	no alteration
luad_cptac_2020	C3N-00738	C3N-00738	0	no alteration	no alteration	no alteration	no alteration	no alteration	no alteration	no alteration	no alteration	no alteration	no alteration	no alteration	no alteration	no alteration	no alteration	no alteration	no alteration
